Start Date,End Date,Portfolio name,Currency,Campaign Name,Ad Group Name,Targeting,Match Type,Customer Search Term,Impressions,Clicks,Click-Thru Rate (CTR),Cost Per Click (CPC),Spend,7 Day Total Sales ,Total Advertising Cost of Sales (ACoS) ,Total Return on Advertising Spend (RoAS),7 Day Total Orders (#),7 Day Total Units (#),7 Day Conversion Rate,7 Day Advertised SKU Units (#),7 Day Other SKU Units (#),7 Day Advertised SKU Sales ,7 Day Other SKU Sales 
2021-01-07,2021-01-07,Not grouped,USD,Advertise Catalog_ONB 10-23-2019 21ea,nosh - Kitchen,kitchen knife sheath,BROAD,2 in kitchen knife sheath,2,1,50.00%,$0.57 ,$0.57 ,$0.00 ,,0,0,0,0.00%,0,0,$0.00 ,$0.00 
2021-01-12,2021-01-12,Not grouped,USD,Advertise Catalog_ONB 10-23-2019 21ea,nosh - Kitchen,kitchen knife sheath,BROAD,4 inch blade sheath for kitchen knife,4,1,25.00%,$0.66 ,$0.66 ,$12.99 ,5.08%,19.68,1,1,100.00%,1,0,$12.99 ,$0.00 
2021-01-12,2021-01-12,Not grouped,USD,Advertise Catalog_ONB 10-23-2019 21ea,nosh - Kitchen,kitchen knife sheath,BROAD,6.5 inch leather sheath for kitchen knife,2,1,50.00%,$0.47 ,$0.47 ,$0.00 ,,0,0,0,0.00%,0,0,$0.00 ,$0.00 
2021-01-12,2021-01-12,Not grouped,USD,Advertise Catalog_ONB 10-23-2019 21ea,nosh - Kitchen,kitchen knife sheath,BROAD,clear plastic knife sheaths for kitchen knives,3,1,33.33%,$0.47 ,$0.47 ,$12.99 ,3.62%,27.64,1,1,100.00%,1,0,$12.99 ,$0.00 
2020-12-28,2020-12-28,Not grouped,USD,Advertise Catalog_ONB 10-23-2019 21ea,nosh - Kitchen,kitchen knife sheath,BROAD,kitchen knife blade sheath sleeve,13,1,7.69%,$0.60 ,$0.60 ,$0.00 ,,0,0,0,0.00%,0,0,$0.00 ,$0.00 
2021-01-01,2021-01-14,Not grouped,USD,Advertise Catalog_ONB 10-23-2019 21ea,nosh - Kitchen,kitchen knife sheath,BROAD,kitchen knife sheath,168,4,2.38%,$0.50 ,$1.98 ,$42.98 ,4.61%,21.71,2,2,50.00%,1,1,$12.99 ,$29.99 
2020-12-27,2020-12-27,Not grouped,USD,Advertise Catalog_ONB 10-23-2019 21ea,nosh - Kitchen,kitchen knife sheath,BROAD,kitchen knife sheath 5 inch,2,1,50.00%,$0.48 ,$0.48 ,$0.00 ,,0,0,0,0.00%,0,0,$0.00 ,$0.00 
2020-12-30,2021-01-07,Not grouped,USD,Advertise Catalog_ONB 10-23-2019 21ea,nosh - Kitchen,kitchen knife sheath,BROAD,kitchen knife sheath set,80,3,3.75%,$0.49 ,$1.46 ,$0.00 ,,0,0,0,0.00%,0,0,$0.00 ,$0.00 
2020-12-21,2021-01-15,Not grouped,USD,Advertise Catalog_ONB 10-23-2019 21ea,nosh - Kitchen,kitchen knife sheath,BROAD,kitchen knife sheaths,259,3,1.16%,$0.72 ,$2.15 ,$0.00 ,,0,0,0,0.00%,0,0,$0.00 ,$0.00 
2021-01-10,2021-01-10,Not grouped,USD,Advertise Catalog_ONB 10-23-2019 21ea,nosh - Kitchen,kitchen knife sheath,BROAD,knife sheath for kitchen,6,1,16.67%,$0.66 ,$0.66 ,$0.00 ,,0,0,0,0.00%,0,0,$0.00 ,$0.00 
2021-01-04,2021-01-13,Not grouped,USD,Advertise Catalog_ONB 10-23-2019 21ea,nosh - Kitchen,kitchen knife sheath,BROAD,knife sheath kitchen,147,5,3.40%,$0.47 ,$2.36 ,$19.49 ,12.11%,8.26,1,1,20.00%,1,0,$19.49 ,$0.00 
2021-01-06,2021-01-06,Not grouped,USD,Advertise Catalog_ONB 10-23-2019 21ea,nosh - Kitchen,kitchen knife sheath,BROAD,knife sheaths kitchen,44,1,2.27%,$0.42 ,$0.42 ,$0.00 ,,0,0,0,0.00%,0,0,$0.00 ,$0.00 
2020-12-24,2020-12-24,Not grouped,USD,Advertise Catalog_ONB 10-23-2019 21ea,nosh - Kitchen,kitchen knife sheath,BROAD,sheath cover for 6” kitchen utility knife,1,1,100.00%,$0.33 ,$0.33 ,$12.99 ,2.54%,39.36,1,1,100.00%,1,0,$12.99 ,$0.00 
2021-01-10,2021-01-10,Not grouped,USD,Advertise Catalog_ONB 10-23-2019 21ea,nosh - Kitchen,kitchen knife sheath,BROAD,sheath for kitchen knife,6,1,16.67%,$0.35 ,$0.35 ,$0.00 ,,0,0,0,0.00%,0,0,$0.00 ,$0.00 
2020-12-22,2020-12-22,Not grouped,USD,Advertise Catalog_ONB 10-23-2019 21ea,nosh - Kitchen,kitchen knife sheath,BROAD,sheath guard for kitchen knives,2,1,50.00%,$0.48 ,$0.48 ,$0.00 ,,0,0,0,0.00%,0,0,$0.00 ,$0.00 
2020-12-25,2021-01-04,Not grouped,USD,Advertise Catalog_ONB 10-23-2019 21ea,nosh - Kitchen,kitchen knife sheath,BROAD,sheaths for kitchen knives,88,2,2.27%,$0.52 ,$1.04 ,$0.00 ,,0,0,0,0.00%,0,0,$0.00 ,$0.00 
2021-01-04,2021-01-04,Not grouped,USD,Advertise Catalog_ONB 10-23-2019 21ea,nosh - Kitchen,chef knife covers,BROAD,10 chef knife cover,72,1,1.39%,$0.33 ,$0.33 ,$0.00 ,,0,0,0,0.00%,0,0,$0.00 ,$0.00 
2020-12-29,2020-12-29,Not grouped,USD,Advertise Catalog_ONB 10-23-2019 21ea,nosh - Kitchen,chef knife covers,BROAD,"8"" chef knife covers or sleeves",2,1,50.00%,$0.71 ,$0.71 ,$0.00 ,,0,0,0,0.00%,0,0,$0.00 ,$0.00 
2021-01-06,2021-01-06,Not grouped,USD,Advertise Catalog_ONB 10-23-2019 21ea,nosh - Kitchen,chef knife covers,BROAD,blade cover for 8 inch chef's knife henckels,3,1,33.33%,$0.74 ,$0.74 ,$0.00 ,,0,0,0,0.00%,0,0,$0.00 ,$0.00 
2020-12-29,2020-12-29,Not grouped,USD,Advertise Catalog_ONB 10-23-2019 21ea,nosh - Kitchen,chef knife covers,BROAD,chef knife 6 inch cover,2,1,50.00%,$0.65 ,$0.65 ,$0.00 ,,0,0,0,0.00%,0,0,$0.00 ,$0.00 
2020-12-22,2020-12-27,Not grouped,USD,Advertise Catalog_ONB 10-23-2019 21ea,nosh - Kitchen,chef knife covers,BROAD,chef knife cover,263,4,1.52%,$0.60 ,$2.40 ,$0.00 ,,0,0,0,0.00%,0,0,$0.00 ,$0.00 
2021-01-04,2021-01-04,Not grouped,USD,Advertise Catalog_ONB 10-23-2019 21ea,nosh - Kitchen,chef knife covers,BROAD,chef knife cover pairing knife cover,5,1,20.00%,$0.56 ,$0.56 ,$0.00 ,,0,0,0,0.00%,0,0,$0.00 ,$0.00 
2020-12-28,2021-01-07,Not grouped,USD,Advertise Catalog_ONB 10-23-2019 21ea,nosh - Kitchen,chef knife covers,BROAD,chef knife covers,349,5,1.43%,$0.50 ,$2.48 ,$0.00 ,,0,0,0,0.00%,0,0,$0.00 ,$0.00 
2021-01-10,2021-01-10,Not grouped,USD,Advertise Catalog_ONB 10-23-2019 21ea,nosh - Kitchen,chef knife covers,BROAD,chef knife covers or sleeves,9,1,11.11%,$0.73 ,$0.73 ,$0.00 ,,0,0,0,0.00%,0,0,$0.00 ,$0.00 
2021-01-02,2021-01-02,Not grouped,USD,Advertise Catalog_ONB 10-23-2019 21ea,nosh - Kitchen,chef knife covers,BROAD,chef sac knife covers,2,1,50.00%,$0.36 ,$0.36 ,$0.00 ,,0,0,0,0.00%,0,0,$0.00 ,$0.00 
2020-12-22,2020-12-22,Not grouped,USD,Advertise Catalog_ONB 10-23-2019 21ea,nosh - Kitchen,chef knife covers,BROAD,chefs knife cover,85,1,1.18%,$0.33 ,$0.33 ,$0.00 ,,0,0,0,0.00%,0,0,$0.00 ,$0.00 
2020-12-20,2020-12-20,Not grouped,USD,Advertise Catalog_ONB 10-23-2019 21ea,nosh - Kitchen,chef knife covers,BROAD,henckels 6 inch chef knife cover,1,1,100.00%,$0.81 ,$0.81 ,$0.00 ,,0,0,0,0.00%,0,0,$0.00 ,$0.00 
2020-12-27,2020-12-27,Not grouped,USD,Advertise Catalog_ONB 10-23-2019 21ea,nosh - Kitchen,chef knife covers,BROAD,henckels 8 inch chef knife cover,1,1,100.00%,$0.78 ,$0.78 ,$0.00 ,,0,0,0,0.00%,0,0,$0.00 ,$0.00 
2021-01-02,2021-01-02,Not grouped,USD,Advertise Catalog_ONB 10-23-2019 21ea,nosh - Kitchen,chef knife covers,BROAD,meisen chef knife cover,6,1,16.67%,$0.80 ,$0.80 ,$0.00 ,,0,0,0,0.00%,0,0,$0.00 ,$0.00 
2020-12-25,2021-01-14,Not grouped,USD,Advertise Catalog_ONB 10-23-2019 21ea,nosh - Kitchen,knife blade protector,BROAD,blade protector for knives,131,3,2.29%,$0.43 ,$1.30 ,$0.00 ,,0,0,0,0.00%,0,0,$0.00 ,$0.00 
2020-12-29,2020-12-29,Not grouped,USD,Advertise Catalog_ONB 10-23-2019 21ea,nosh - Kitchen,knife blade protector,BROAD,blade protector for mercer pairing knife,4,1,25.00%,$0.83 ,$0.83 ,$0.00 ,,0,0,0,0.00%,0,0,$0.00 ,$0.00 
2020-12-30,2020-12-30,Not grouped,USD,Advertise Catalog_ONB 10-23-2019 21ea,nosh - Kitchen,knife blade protector,BROAD,blade safe knife protector,187,1,0.53%,$0.62 ,$0.62 ,$0.00 ,,0,0,0,0.00%,0,0,$0.00 ,$0.00 
2020-12-17,2020-12-17,Not grouped,USD,Advertise Catalog_ONB 10-23-2019 21ea,nosh - Kitchen,knife blade protector,BROAD,blade saver knife protector,2,1,50.00%,$0.63 ,$0.63 ,$12.99 ,4.85%,20.62,1,1,100.00%,1,0,$12.99 ,$0.00 
2021-01-08,2021-01-08,Not grouped,USD,Advertise Catalog_ONB 10-23-2019 21ea,nosh - Kitchen,knife blade protector,BROAD,bread knife blade protector,14,1,7.14%,$0.98 ,$0.98 ,$0.00 ,,0,0,0,0.00%,0,0,$0.00 ,$0.00 
2021-01-05,2021-01-05,Not grouped,USD,Advertise Catalog_ONB 10-23-2019 21ea,nosh - Kitchen,knife blade protector,BROAD,kitchen knife blade protector,4,1,25.00%,$0.47 ,$0.47 ,$0.00 ,,0,0,0,0.00%,0,0,$0.00 ,$0.00 
2020-12-23,2021-01-14,Not grouped,USD,Advertise Catalog_ONB 10-23-2019 21ea,nosh - Kitchen,knife blade protector,BROAD,knife blade protector,1552,17,1.10%,$0.48 ,$8.20 ,$29.48 ,27.82%,3.6,3,3,17.65%,2,1,$25.98 ,$3.50 
2020-12-26,2020-12-26,Not grouped,USD,Advertise Catalog_ONB 10-23-2019 21ea,nosh - Kitchen,knife blade protector,BROAD,knife blade protector 12 inch,3,1,33.33%,$0.51 ,$0.51 ,$0.00 ,,0,0,0,0.00%,0,0,$0.00 ,$0.00 
2020-12-31,2020-12-31,Not grouped,USD,Advertise Catalog_ONB 10-23-2019 21ea,nosh - Kitchen,knife blade protector,BROAD,knife blade protectors,216,1,0.46%,$0.64 ,$0.64 ,$0.00 ,,0,0,0,0.00%,0,0,$0.00 ,$0.00 
2021-01-05,2021-01-05,Not grouped,USD,Advertise Catalog_ONB 10-23-2019 21ea,nosh - Kitchen,knife blade protector,BROAD,mercer curved boning knife blade protector,7,1,14.29%,$0.92 ,$0.92 ,$0.00 ,,0,0,0,0.00%,0,0,$0.00 ,$0.00 
2020-12-31,2020-12-31,Not grouped,USD,Advertise Catalog_ONB 10-23-2019 21ea,nosh - Kitchen,knife blade protector,BROAD,rada knife blade protector,6,1,16.67%,$0.49 ,$0.49 ,$0.00 ,,0,0,0,0.00%,0,0,$0.00 ,$0.00 
2021-01-12,2021-01-12,Not grouped,USD,Advertise Catalog_ONB 10-23-2019 21ea,nosh - Kitchen,knife blade protector,BROAD,serbian knife blade protector,3,1,33.33%,$0.63 ,$0.63 ,$0.00 ,,0,0,0,0.00%,0,0,$0.00 ,$0.00 
2020-12-26,2021-01-05,Not grouped,USD,Advertise Catalog_ONB 10-23-2019 21ea,nosh - Kitchen,edge guard knife protector,BROAD,edge guard knife protector,915,6,0.66%,$0.54 ,$3.26 ,$42.98 ,7.58%,13.18,2,2,33.33%,1,1,$12.99 ,$29.99 
2021-01-01,2021-01-01,Not grouped,USD,Advertise Catalog_ONB 10-23-2019 21ea,nosh - Kitchen,knife edge guard,BROAD,10in knife edge guard,47,1,2.13%,$0.43 ,$0.43 ,$0.00 ,,0,0,0,0.00%,0,0,$0.00 ,$0.00 
2021-01-05,2021-01-05,Not grouped,USD,Advertise Catalog_ONB 10-23-2019 21ea,nosh - Kitchen,knife edge guard,BROAD,12” knife edge guard,50,2,4.00%,$0.58 ,$1.16 ,$0.00 ,,0,0,0,0.00%,0,0,$0.00 ,$0.00 
2021-01-11,2021-01-11,Not grouped,USD,Advertise Catalog_ONB 10-23-2019 21ea,nosh - Kitchen,knife edge guard,BROAD,6  knife edge guard,29,1,3.45%,$0.64 ,$0.64 ,$0.00 ,,0,0,0,0.00%,0,0,$0.00 ,$0.00 
2021-01-08,2021-01-08,Not grouped,USD,Advertise Catalog_ONB 10-23-2019 21ea,nosh - Kitchen,knife edge guard,BROAD,"7"" knife edge guard",4,1,25.00%,$0.64 ,$0.64 ,$0.00 ,,0,0,0,0.00%,0,0,$0.00 ,$0.00 
2020-12-20,2021-01-14,Not grouped,USD,Advertise Catalog_ONB 10-23-2019 21ea,nosh - Kitchen,knife edge guard,BROAD,knife edge guard,1243,12,0.97%,$0.43 ,$5.12 ,$42.98 ,11.91%,8.39,2,2,16.67%,2,0,$42.98 ,$0.00 
2020-12-25,2020-12-25,Not grouped,USD,Advertise Catalog_ONB 10-23-2019 21ea,nosh - Kitchen,knife edge guard,BROAD,knife edge guard 3.5 6,1,1,100.00%,$0.39 ,$0.39 ,$0.00 ,,0,0,0,0.00%,0,0,$0.00 ,$0.00 
2020-12-23,2020-12-23,Not grouped,USD,Advertise Catalog_ONB 10-23-2019 21ea,nosh - Kitchen,knife edge guard,BROAD,knife edge guard 7 inch,4,1,25.00%,$0.37 ,$0.37 ,$0.00 ,,0,0,0,0.00%,0,0,$0.00 ,$0.00 
2021-01-03,2021-01-03,Not grouped,USD,Advertise Catalog_ONB 10-23-2019 21ea,nosh - Kitchen,knife edge guard,BROAD,knife edge guard 9,125,1,0.80%,$0.50 ,$0.50 ,$5.99 ,8.35%,11.98,1,1,100.00%,0,1,$0.00 ,$5.99 
2021-01-04,2021-01-08,Not grouped,USD,Advertise Catalog_ONB 10-23-2019 21ea,nosh - Kitchen,knife edge guard,BROAD,knife edge guard set,166,3,1.81%,$0.43 ,$1.29 ,$0.00 ,,0,0,0,0.00%,0,0,$0.00 ,$0.00 
2021-01-11,2021-01-11,Not grouped,USD,Advertise Catalog_ONB 10-23-2019 21ea,nosh - Kitchen,knife edge guard,BROAD,magnetic knife edge guard,13,1,7.69%,$0.58 ,$0.58 ,$0.00 ,,0,0,0,0.00%,0,0,$0.00 ,$0.00 
2020-12-25,2020-12-25,Not grouped,USD,Advertise Catalog_ONB 10-23-2019 21ea,nosh - Kitchen,knife edge guard,BROAD,noble knife edge guard,32,1,3.13%,$0.38 ,$0.38 ,$0.00 ,,0,0,0,0.00%,0,0,$0.00 ,$0.00 
2020-12-31,2020-12-31,Not grouped,USD,Advertise Catalog_ONB 10-23-2019 21ea,nosh - Kitchen,knife edge guard,BROAD,rada knife edge guard,5,1,20.00%,$0.67 ,$0.67 ,$0.00 ,,0,0,0,0.00%,0,0,$0.00 ,$0.00 
2021-01-14,2021-01-14,Not grouped,USD,Advertise Catalog_ONB 10-23-2019 21ea,nosh - Kitchen,knife edge guard,BROAD,single edge knife guard,5,1,20.00%,$0.59 ,$0.59 ,$0.00 ,,0,0,0,0.00%,0,0,$0.00 ,$0.00 
2021-01-07,2021-01-07,Not grouped,USD,Advertise Catalog_ONB 10-23-2019 21ea,nosh - Kitchen,knife edge guard,BROAD,victorinox 5 inch knife edge guard,17,1,5.88%,$0.64 ,$0.64 ,$0.00 ,,0,0,0,0.00%,0,0,$0.00 ,$0.00 
2021-01-12,2021-01-12,Not grouped,USD,Advertise Catalog_ONB 10-23-2019 21ea,nosh - Kitchen,knife edge guard,BROAD,victorinox fillet knife 6 curved flex edge guard,3,1,33.33%,$0.65 ,$0.65 ,$0.00 ,,0,0,0,0.00%,0,0,$0.00 ,$0.00 
2020-12-28,2020-12-28,Not grouped,USD,Advertise Catalog_ONB 10-23-2019 21ea,nosh - Kitchen,knife guard,BROAD,10 in knife guard,127,1,0.79%,$0.65 ,$0.65 ,$0.00 ,,0,0,0,0.00%,0,0,$0.00 ,$0.00 
2021-01-04,2021-01-04,Not grouped,USD,Advertise Catalog_ONB 10-23-2019 21ea,nosh - Kitchen,knife guard,BROAD,10 knife guard,3,1,33.33%,$0.69 ,$0.69 ,$0.00 ,,0,0,0,0.00%,0,0,$0.00 ,$0.00 
2020-12-21,2020-12-21,Not grouped,USD,Advertise Catalog_ONB 10-23-2019 21ea,nosh - Kitchen,knife guard,BROAD,12 knife guard,1,1,100.00%,$0.60 ,$0.60 ,$0.00 ,,0,0,0,0.00%,0,0,$0.00 ,$0.00 
2020-12-21,2020-12-21,Not grouped,USD,Advertise Catalog_ONB 10-23-2019 21ea,nosh - Kitchen,knife guard,BROAD,5.5 knife guard,80,1,1.25%,$0.69 ,$0.69 ,$12.99 ,5.31%,18.83,1,1,100.00%,1,0,$12.99 ,$0.00 
2020-12-26,2020-12-26,Not grouped,USD,Advertise Catalog_ONB 10-23-2019 21ea,nosh - Kitchen,knife guard,BROAD,6 in knife guard,2,1,50.00%,$0.59 ,$0.59 ,$0.00 ,,0,0,0,0.00%,0,0,$0.00 ,$0.00 
2020-12-29,2020-12-29,Not grouped,USD,Advertise Catalog_ONB 10-23-2019 21ea,nosh - Kitchen,knife guard,BROAD,6 inch chef knife guard,1,1,100.00%,$0.60 ,$0.60 ,$0.00 ,,0,0,0,0.00%,0,0,$0.00 ,$0.00 
2021-01-04,2021-01-04,Not grouped,USD,Advertise Catalog_ONB 10-23-2019 21ea,nosh - Kitchen,knife guard,BROAD,6 inch knife guard,17,1,5.88%,$0.09 ,$0.09 ,$0.00 ,,0,0,0,0.00%,0,0,$0.00 ,$0.00 
2020-12-17,2020-12-17,Not grouped,USD,Advertise Catalog_ONB 10-23-2019 21ea,nosh - Kitchen,knife guard,BROAD,6 knife guard,4,1,25.00%,$0.53 ,$0.53 ,$0.00 ,,0,0,0,0.00%,0,0,$0.00 ,$0.00 
2021-01-08,2021-01-08,Not grouped,USD,Advertise Catalog_ONB 10-23-2019 21ea,nosh - Kitchen,knife guard,BROAD,6in chef knife guard,64,1,1.56%,$0.50 ,$0.50 ,$0.00 ,,0,0,0,0.00%,0,0,$0.00 ,$0.00 
2021-01-07,2021-01-07,Not grouped,USD,Advertise Catalog_ONB 10-23-2019 21ea,nosh - Kitchen,knife guard,BROAD,6” knife guard,33,1,3.03%,$0.44 ,$0.44 ,$0.00 ,,0,0,0,0.00%,0,0,$0.00 ,$0.00 
2020-12-27,2020-12-27,Not grouped,USD,Advertise Catalog_ONB 10-23-2019 21ea,nosh - Kitchen,knife guard,BROAD,7 knife guard,4,1,25.00%,$0.69 ,$0.69 ,$0.00 ,,0,0,0,0.00%,0,0,$0.00 ,$0.00 
2021-01-05,2021-01-05,Not grouped,USD,Advertise Catalog_ONB 10-23-2019 21ea,nosh - Kitchen,knife guard,BROAD,7in knife guard,47,2,4.26%,$0.40 ,$0.80 ,$0.00 ,,0,0,0,0.00%,0,0,$0.00 ,$0.00 
2021-01-10,2021-01-10,Not grouped,USD,Advertise Catalog_ONB 10-23-2019 21ea,nosh - Kitchen,knife guard,BROAD,8 in knife guard,133,1,0.75%,$0.31 ,$0.31 ,$0.00 ,,0,0,0,0.00%,0,0,$0.00 ,$0.00 
2020-12-21,2020-12-21,Not grouped,USD,Advertise Catalog_ONB 10-23-2019 21ea,nosh - Kitchen,knife guard,BROAD,8 inch knife guard,12,1,8.33%,$0.43 ,$0.43 ,$29.99 ,1.43%,69.74,1,1,100.00%,1,0,$29.99 ,$0.00 
2021-01-01,2021-01-01,Not grouped,USD,Advertise Catalog_ONB 10-23-2019 21ea,nosh - Kitchen,knife guard,BROAD,8 piece knife guard,23,1,4.35%,$0.47 ,$0.47 ,$0.00 ,,0,0,0,0.00%,0,0,$0.00 ,$0.00 
2021-01-04,2021-01-04,Not grouped,USD,Advertise Catalog_ONB 10-23-2019 21ea,nosh - Kitchen,knife guard,BROAD,"8"" knife guards",2,1,50.00%,$0.57 ,$0.57 ,$0.00 ,,0,0,0,0.00%,0,0,$0.00 ,$0.00 
2021-01-02,2021-01-02,Not grouped,USD,Advertise Catalog_ONB 10-23-2019 21ea,nosh - Kitchen,knife guard,BROAD,8” chef knife guard,1,1,100.00%,$0.69 ,$0.69 ,$0.00 ,,0,0,0,0.00%,0,0,$0.00 ,$0.00 
2020-12-23,2020-12-23,Not grouped,USD,Advertise Catalog_ONB 10-23-2019 21ea,nosh - Kitchen,knife guard,BROAD,8” knife guard,1,1,100.00%,$0.42 ,$0.42 ,$0.00 ,,0,0,0,0.00%,0,0,$0.00 ,$0.00 
2020-12-25,2020-12-25,Not grouped,USD,Advertise Catalog_ONB 10-23-2019 21ea,nosh - Kitchen,knife guard,BROAD,9 inch knife guard,2,1,50.00%,$0.54 ,$0.54 ,$0.00 ,,0,0,0,0.00%,0,0,$0.00 ,$0.00 
2020-12-25,2020-12-25,Not grouped,USD,Advertise Catalog_ONB 10-23-2019 21ea,nosh - Kitchen,knife guard,BROAD,asaya knife guard,5,1,20.00%,$0.69 ,$0.69 ,$0.00 ,,0,0,0,0.00%,0,0,$0.00 ,$0.00 
2020-12-27,2020-12-27,Not grouped,USD,Advertise Catalog_ONB 10-23-2019 21ea,nosh - Kitchen,knife guard,BROAD,ashwood knife guard,1,1,100.00%,$0.55 ,$0.55 ,$0.00 ,,0,0,0,0.00%,0,0,$0.00 ,$0.00 
2021-01-14,2021-01-14,Not grouped,USD,Advertise Catalog_ONB 10-23-2019 21ea,nosh - Kitchen,knife guard,BROAD,black felt knife guard,1,1,100.00%,$0.66 ,$0.66 ,$0.00 ,,0,0,0,0.00%,0,0,$0.00 ,$0.00 
2020-12-20,2020-12-20,Not grouped,USD,Advertise Catalog_ONB 10-23-2019 21ea,nosh - Kitchen,knife guard,BROAD,bladesafe knife guards,97,1,1.03%,$0.70 ,$0.70 ,$0.00 ,,0,0,0,0.00%,0,0,$0.00 ,$0.00 
2021-01-03,2021-01-15,Not grouped,USD,Advertise Catalog_ONB 10-23-2019 21ea,nosh - Kitchen,knife guard,BROAD,boning knife guard,140,3,2.14%,$0.58 ,$1.73 ,$0.00 ,,0,0,0,0.00%,0,0,$0.00 ,$0.00 
2021-01-14,2021-01-14,Not grouped,USD,Advertise Catalog_ONB 10-23-2019 21ea,nosh - Kitchen,knife guard,BROAD,brass knife guard,13,1,7.69%,$0.43 ,$0.43 ,$0.00 ,,0,0,0,0.00%,0,0,$0.00 ,$0.00 
2021-01-15,2021-01-15,Not grouped,USD,Advertise Catalog_ONB 10-23-2019 21ea,nosh - Kitchen,knife guard,BROAD,bread knife guard,115,2,1.74%,$0.49 ,$0.98 ,$0.00 ,,0,0,0,0.00%,0,0,$0.00 ,$0.00 
2020-12-31,2021-01-15,Not grouped,USD,Advertise Catalog_ONB 10-23-2019 21ea,nosh - Kitchen,knife guard,BROAD,chef knife guard,20,2,10.00%,$0.47 ,$0.93 ,$0.00 ,,0,0,0,0.00%,0,0,$0.00 ,$0.00 
2020-12-20,2020-12-20,Not grouped,USD,Advertise Catalog_ONB 10-23-2019 21ea,nosh - Kitchen,knife guard,BROAD,chef knife guard set,82,1,1.22%,$0.64 ,$0.64 ,$0.00 ,,0,0,0,0.00%,0,0,$0.00 ,$0.00 
2020-12-17,2020-12-17,Not grouped,USD,Advertise Catalog_ONB 10-23-2019 21ea,nosh - Kitchen,knife guard,BROAD,chef knife guards,18,1,5.56%,$0.59 ,$0.59 ,$0.00 ,,0,0,0,0.00%,0,0,$0.00 ,$0.00 
2020-12-31,2020-12-31,Not grouped,USD,Advertise Catalog_ONB 10-23-2019 21ea,nosh - Kitchen,knife guard,BROAD,chef's knife edge guard,2,1,50.00%,$0.56 ,$0.56 ,$0.00 ,,0,0,0,0.00%,0,0,$0.00 ,$0.00 
2021-01-14,2021-01-14,Not grouped,USD,Advertise Catalog_ONB 10-23-2019 21ea,nosh - Kitchen,knife guard,BROAD,chef's knife guard,171,1,0.58%,$0.70 ,$0.70 ,$0.00 ,,0,0,0,0.00%,0,0,$0.00 ,$0.00 
2021-01-02,2021-01-14,Not grouped,USD,Advertise Catalog_ONB 10-23-2019 21ea,nosh - Kitchen,knife guard,BROAD,chefs knife guard,216,4,1.85%,$0.49 ,$1.97 ,$32.98 ,5.97%,16.74,2,4,50.00%,2,2,$25.98 ,$7.00 
2020-12-22,2020-12-22,Not grouped,USD,Advertise Catalog_ONB 10-23-2019 21ea,nosh - Kitchen,knife guard,BROAD,culinary knife guard,5,1,20.00%,$0.64 ,$0.64 ,$0.00 ,,0,0,0,0.00%,0,0,$0.00 ,$0.00 
2021-01-13,2021-01-13,Not grouped,USD,Advertise Catalog_ONB 10-23-2019 21ea,nosh - Kitchen,knife guard,BROAD,edge guard knife,3,1,33.33%,$0.44 ,$0.44 ,$0.00 ,,0,0,0,0.00%,0,0,$0.00 ,$0.00 
2021-01-09,2021-01-09,Not grouped,USD,Advertise Catalog_ONB 10-23-2019 21ea,nosh - Kitchen,knife guard,BROAD,ergo chef knife guard,450,1,0.22%,$0.52 ,$0.52 ,$4.99 ,10.42%,9.6,1,1,100.00%,0,1,$0.00 ,$4.99 
2021-01-05,2021-01-14,Not grouped,USD,Advertise Catalog_ONB 10-23-2019 21ea,nosh - Kitchen,knife guard,BROAD,ergo fillet knife guard,135,4,2.96%,$0.40 ,$1.58 ,$12.99 ,12.16%,8.22,1,1,25.00%,1,0,$12.99 ,$0.00 
2020-12-25,2020-12-25,Not grouped,USD,Advertise Catalog_ONB 10-23-2019 21ea,nosh - Kitchen,knife guard,BROAD,ergo knife guard,30,1,3.33%,$0.44 ,$0.44 ,$0.00 ,,0,0,0,0.00%,0,0,$0.00 ,$0.00 
2021-01-02,2021-01-02,Not grouped,USD,Advertise Catalog_ONB 10-23-2019 21ea,nosh - Kitchen,knife guard,BROAD,everpride knife guard,9,1,11.11%,$0.39 ,$0.39 ,$0.00 ,,0,0,0,0.00%,0,0,$0.00 ,$0.00 
2021-01-02,2021-01-08,Not grouped,USD,Advertise Catalog_ONB 10-23-2019 21ea,nosh - Kitchen,knife guard,BROAD,felt knife guard,97,2,2.06%,$0.35 ,$0.70 ,$0.00 ,,0,0,0,0.00%,0,0,$0.00 ,$0.00 
2020-12-26,2021-01-06,Not grouped,USD,Advertise Catalog_ONB 10-23-2019 21ea,nosh - Kitchen,knife guard,BROAD,global knife guard,174,3,1.72%,$0.49 ,$1.48 ,$0.00 ,,0,0,0,0.00%,0,0,$0.00 ,$0.00 
2020-12-25,2020-12-25,Not grouped,USD,Advertise Catalog_ONB 10-23-2019 21ea,nosh - Kitchen,knife guard,BROAD,global universal knife guard,4,1,25.00%,$0.52 ,$0.52 ,$12.99 ,4.00%,24.98,1,1,100.00%,1,0,$12.99 ,$0.00 
2020-12-27,2020-12-28,Not grouped,USD,Advertise Catalog_ONB 10-23-2019 21ea,nosh - Kitchen,knife guard,BROAD,guard chef knife,51,2,3.92%,$0.45 ,$0.89 ,$0.00 ,,0,0,0,0.00%,0,0,$0.00 ,$0.00 
2020-12-30,2020-12-30,Not grouped,USD,Advertise Catalog_ONB 10-23-2019 21ea,nosh - Kitchen,knife guard,BROAD,guard knife,171,1,0.58%,$0.28 ,$0.28 ,$12.99 ,2.16%,46.39,1,1,100.00%,0,1,$0.00 ,$12.99 
2021-01-11,2021-01-11,Not grouped,USD,Advertise Catalog_ONB 10-23-2019 21ea,nosh - Kitchen,knife guard,BROAD,guards for yatoshi knives,14,2,14.29%,$0.73 ,$1.45 ,$0.00 ,,0,0,0,0.00%,0,0,$0.00 ,$0.00 
2021-01-06,2021-01-06,Not grouped,USD,Advertise Catalog_ONB 10-23-2019 21ea,nosh - Kitchen,knife guard,BROAD,ja henckels 8 inch knife guard,3,1,33.33%,$0.51 ,$0.51 ,$0.00 ,,0,0,0,0.00%,0,0,$0.00 ,$0.00 
2020-12-23,2020-12-23,Not grouped,USD,Advertise Catalog_ONB 10-23-2019 21ea,nosh - Kitchen,knife guard,BROAD,japanese knife guards,5,1,20.00%,$0.64 ,$0.64 ,$0.00 ,,0,0,0,0.00%,0,0,$0.00 ,$0.00 
2021-01-15,2021-01-15,Not grouped,USD,Advertise Catalog_ONB 10-23-2019 21ea,nosh - Kitchen,knife guard,BROAD,kitchen knife edge guard,4,1,25.00%,$0.70 ,$0.70 ,$0.00 ,,0,0,0,0.00%,0,0,$0.00 ,$0.00 
2020-12-22,2021-01-05,Not grouped,USD,Advertise Catalog_ONB 10-23-2019 21ea,nosh - Kitchen,knife guard,BROAD,kitchen knife guard,26,2,7.69%,$0.51 ,$1.01 ,$0.00 ,,0,0,0,0.00%,0,0,$0.00 ,$0.00 
2020-12-22,2020-12-22,Not grouped,USD,Advertise Catalog_ONB 10-23-2019 21ea,nosh - Kitchen,knife guard,BROAD,kitchen knife guards,48,1,2.08%,$0.44 ,$0.44 ,$0.00 ,,0,0,0,0.00%,0,0,$0.00 ,$0.00 
2020-12-21,2021-01-14,Not grouped,USD,Advertise Catalog_ONB 10-23-2019 21ea,nosh - Kitchen,knife guard,BROAD,knife edge guard,309,9,2.91%,$0.45 ,$4.08 ,$12.99 ,31.41%,3.18,1,1,11.11%,1,0,$12.99 ,$0.00 
2020-12-24,2020-12-24,Not grouped,USD,Advertise Catalog_ONB 10-23-2019 21ea,nosh - Kitchen,knife guard,BROAD,knife edge guard set,4,1,25.00%,$0.57 ,$0.57 ,$0.00 ,,0,0,0,0.00%,0,0,$0.00 ,$0.00 
2020-12-21,2020-12-30,Not grouped,USD,Advertise Catalog_ONB 10-23-2019 21ea,nosh - Kitchen,knife guard,BROAD,knife edge guards,17,3,17.65%,$0.50 ,$1.49 ,$0.00 ,,0,0,0,0.00%,0,0,$0.00 ,$0.00 
2020-12-20,2021-01-15,Not grouped,USD,Advertise Catalog_ONB 10-23-2019 21ea,nosh - Kitchen,knife guard,BROAD,knife guard,13678,69,0.50%,$0.54 ,$37.06 ,$126.41 ,29.32%,3.41,10,10,14.49%,7,3,$107.93 ,$18.48 
2020-12-20,2020-12-20,Not grouped,USD,Advertise Catalog_ONB 10-23-2019 21ea,nosh - Kitchen,knife guard,BROAD,knife guard 10 inch,20,1,5.00%,$0.70 ,$0.70 ,$0.00 ,,0,0,0,0.00%,0,0,$0.00 ,$0.00 
2020-12-25,2020-12-25,Not grouped,USD,Advertise Catalog_ONB 10-23-2019 21ea,nosh - Kitchen,knife guard,BROAD,knife guard 10.5,15,1,6.67%,$0.46 ,$0.46 ,$0.00 ,,0,0,0,0.00%,0,0,$0.00 ,$0.00 
2020-12-20,2020-12-20,Not grouped,USD,Advertise Catalog_ONB 10-23-2019 21ea,nosh - Kitchen,knife guard,BROAD,knife guard 3 inch,3,1,33.33%,$0.70 ,$0.70 ,$12.99 ,5.39%,18.56,1,1,100.00%,1,0,$12.99 ,$0.00 
2020-12-24,2020-12-31,Not grouped,USD,Advertise Catalog_ONB 10-23-2019 21ea,nosh - Kitchen,knife guard,BROAD,knife guard 3.5 inch,140,2,1.43%,$0.44 ,$0.88 ,$0.00 ,,0,0,0,0.00%,0,0,$0.00 ,$0.00 
2021-01-06,2021-01-11,Not grouped,USD,Advertise Catalog_ONB 10-23-2019 21ea,nosh - Kitchen,knife guard,BROAD,knife guard 4 inch,218,3,1.38%,$0.31 ,$0.94 ,$12.99 ,7.24%,13.82,1,1,33.33%,1,0,$12.99 ,$0.00 
2021-01-10,2021-01-10,Not grouped,USD,Advertise Catalog_ONB 10-23-2019 21ea,nosh - Kitchen,knife guard,BROAD,knife guard 5.5,79,1,1.27%,$0.56 ,$0.56 ,$0.00 ,,0,0,0,0.00%,0,0,$0.00 ,$0.00 
2020-12-24,2020-12-24,Not grouped,USD,Advertise Catalog_ONB 10-23-2019 21ea,nosh - Kitchen,knife guard,BROAD,knife guard 6,66,1,1.52%,$0.64 ,$0.64 ,$0.00 ,,0,0,0,0.00%,0,0,$0.00 ,$0.00 
2020-12-31,2020-12-31,Not grouped,USD,Advertise Catalog_ONB 10-23-2019 21ea,nosh - Kitchen,knife guard,BROAD,knife guard 6 inch,98,2,2.04%,$0.35 ,$0.69 ,$0.00 ,,0,0,0,0.00%,0,0,$0.00 ,$0.00 
2020-12-30,2020-12-30,Not grouped,USD,Advertise Catalog_ONB 10-23-2019 21ea,nosh - Kitchen,knife guard,BROAD,knife guard 8,16,1,6.25%,$0.68 ,$0.68 ,$0.00 ,,0,0,0,0.00%,0,0,$0.00 ,$0.00 
2020-12-23,2021-01-04,Not grouped,USD,Advertise Catalog_ONB 10-23-2019 21ea,nosh - Kitchen,knife guard,BROAD,knife guard 8 inch,116,4,3.45%,$0.50 ,$2.00 ,$0.00 ,,0,0,0,0.00%,0,0,$0.00 ,$0.00 
2020-12-20,2020-12-20,Not grouped,USD,Advertise Catalog_ONB 10-23-2019 21ea,nosh - Kitchen,knife guard,BROAD,knife guard felt,20,1,5.00%,$0.70 ,$0.70 ,$0.00 ,,0,0,0,0.00%,0,0,$0.00 ,$0.00 
2021-01-15,2021-01-15,Not grouped,USD,Advertise Catalog_ONB 10-23-2019 21ea,nosh - Kitchen,knife guard,BROAD,"knife guard for 9"" bread knife",1,1,100.00%,$0.54 ,$0.54 ,$0.00 ,,0,0,0,0.00%,0,0,$0.00 ,$0.00 
2020-12-20,2020-12-20,Not grouped,USD,Advertise Catalog_ONB 10-23-2019 21ea,nosh - Kitchen,knife guard,BROAD,knife guard for kids,9,1,11.11%,$0.45 ,$0.45 ,$0.00 ,,0,0,0,0.00%,0,0,$0.00 ,$0.00 
2020-12-28,2020-12-28,Not grouped,USD,Advertise Catalog_ONB 10-23-2019 21ea,nosh - Kitchen,knife guard,BROAD,knife guard for paring knife,5,1,20.00%,$0.57 ,$0.57 ,$0.00 ,,0,0,0,0.00%,0,0,$0.00 ,$0.00 
2020-12-20,2020-12-20,Not grouped,USD,Advertise Catalog_ONB 10-23-2019 21ea,nosh - Kitchen,knife guard,BROAD,knife guard henckel,3,1,33.33%,$0.94 ,$0.94 ,$0.00 ,,0,0,0,0.00%,0,0,$0.00 ,$0.00 
2020-12-20,2020-12-20,Not grouped,USD,Advertise Catalog_ONB 10-23-2019 21ea,nosh - Kitchen,knife guard,BROAD,knife guard noble,163,1,0.61%,$0.49 ,$0.49 ,$0.00 ,,0,0,0,0.00%,0,0,$0.00 ,$0.00 
2020-12-23,2021-01-15,Not grouped,USD,Advertise Catalog_ONB 10-23-2019 21ea,nosh - Kitchen,knife guard,BROAD,knife guard set,425,6,1.41%,$0.44 ,$2.65 ,$33.96 ,7.80%,12.82,4,4,66.67%,0,4,$0.00 ,$33.96 
2020-12-22,2021-01-11,Not grouped,USD,Advertise Catalog_ONB 10-23-2019 21ea,nosh - Kitchen,knife guard,BROAD,knife guards,596,6,1.01%,$0.44 ,$2.63 ,$0.00 ,,0,0,0,0.00%,0,0,$0.00 ,$0.00 
2021-01-03,2021-01-03,Not grouped,USD,Advertise Catalog_ONB 10-23-2019 21ea,nosh - Kitchen,knife guard,BROAD,knife guards & sleeves,3,1,33.33%,$0.50 ,$0.50 ,$0.00 ,,0,0,0,0.00%,0,0,$0.00 ,$0.00 
2020-12-24,2020-12-24,Not grouped,USD,Advertise Catalog_ONB 10-23-2019 21ea,nosh - Kitchen,knife guard,BROAD,knife guards 6,25,1,4.00%,$0.26 ,$0.26 ,$0.00 ,,0,0,0,0.00%,0,0,$0.00 ,$0.00 
2020-12-31,2020-12-31,Not grouped,USD,Advertise Catalog_ONB 10-23-2019 21ea,nosh - Kitchen,knife guard,BROAD,knife guards by size,1,1,100.00%,$0.47 ,$0.47 ,$0.00 ,,0,0,0,0.00%,0,0,$0.00 ,$0.00 
2021-01-11,2021-01-11,Not grouped,USD,Advertise Catalog_ONB 10-23-2019 21ea,nosh - Kitchen,knife guard,BROAD,knife guards messermeister,336,1,0.30%,$0.54 ,$0.54 ,$0.00 ,,0,0,0,0.00%,0,0,$0.00 ,$0.00 
2020-12-26,2021-01-11,Not grouped,USD,Advertise Catalog_ONB 10-23-2019 21ea,nosh - Kitchen,knife guard,BROAD,knife guards set,153,4,2.61%,$0.26 ,$1.05 ,$29.99 ,3.50%,28.56,1,1,25.00%,1,0,$29.99 ,$0.00 
2020-12-22,2020-12-22,Not grouped,USD,Advertise Catalog_ONB 10-23-2019 21ea,nosh - Kitchen,knife guard,BROAD,knife knuckle guard,2,1,50.00%,$0.47 ,$0.47 ,$0.00 ,,0,0,0,0.00%,0,0,$0.00 ,$0.00 
2020-12-17,2020-12-20,Not grouped,USD,Advertise Catalog_ONB 10-23-2019 21ea,nosh - Kitchen,knife guard,BROAD,knife protector guard,26,2,7.69%,$0.54 ,$1.08 ,$3.50 ,30.86%,3.24,1,1,50.00%,0,1,$0.00 ,$3.50 
2020-12-17,2020-12-17,Not grouped,USD,Advertise Catalog_ONB 10-23-2019 21ea,nosh - Kitchen,knife guard,BROAD,knife safety guard,5,1,20.00%,$0.70 ,$0.70 ,$0.00 ,,0,0,0,0.00%,0,0,$0.00 ,$0.00 
2020-12-29,2021-01-06,Not grouped,USD,Advertise Catalog_ONB 10-23-2019 21ea,nosh - Kitchen,knife guard,BROAD,knife shield guard,95,3,3.16%,$0.39 ,$1.18 ,$0.00 ,,0,0,0,0.00%,0,0,$0.00 ,$0.00 
2021-01-02,2021-01-02,Not grouped,USD,Advertise Catalog_ONB 10-23-2019 21ea,nosh - Kitchen,knife guard,BROAD,knife sleeves   guards,3,1,33.33%,$0.67 ,$0.67 ,$0.00 ,,0,0,0,0.00%,0,0,$0.00 ,$0.00 
2021-01-05,2021-01-05,Not grouped,USD,Advertise Catalog_ONB 10-23-2019 21ea,nosh - Kitchen,knife guard,BROAD,knife tip guard,7,1,14.29%,$0.52 ,$0.52 ,$0.00 ,,0,0,0,0.00%,0,0,$0.00 ,$0.00 
2020-12-26,2021-01-13,Not grouped,USD,Advertise Catalog_ONB 10-23-2019 21ea,nosh - Kitchen,knife guard,BROAD,knife-guard,144,2,1.39%,$0.40 ,$0.80 ,$0.00 ,,0,0,0,0.00%,0,0,$0.00 ,$0.00 
2021-01-08,2021-01-08,Not grouped,USD,Advertise Catalog_ONB 10-23-2019 21ea,nosh - Kitchen,knife guard,BROAD,knives guard,145,1,0.69%,$0.57 ,$0.57 ,$0.00 ,,0,0,0,0.00%,0,0,$0.00 ,$0.00 
2020-12-25,2020-12-25,Not grouped,USD,Advertise Catalog_ONB 10-23-2019 21ea,nosh - Kitchen,knife guard,BROAD,korin knife guard,83,1,1.20%,$0.47 ,$0.47 ,$0.00 ,,0,0,0,0.00%,0,0,$0.00 ,$0.00 
2021-01-09,2021-01-09,Not grouped,USD,Advertise Catalog_ONB 10-23-2019 21ea,nosh - Kitchen,knife guard,BROAD,leather knife guard,114,1,0.88%,$0.63 ,$0.63 ,$0.00 ,,0,0,0,0.00%,0,0,$0.00 ,$0.00 
2020-12-26,2020-12-26,Not grouped,USD,Advertise Catalog_ONB 10-23-2019 21ea,nosh - Kitchen,knife guard,BROAD,mac knife guard,127,2,1.57%,$0.70 ,$1.40 ,$0.00 ,,0,0,0,0.00%,0,0,$0.00 ,$0.00 
2020-12-25,2021-01-12,Not grouped,USD,Advertise Catalog_ONB 10-23-2019 21ea,nosh - Kitchen,knife guard,BROAD,magnetic knife guard,55,3,5.45%,$0.48 ,$1.45 ,$0.00 ,,0,0,0,0.00%,0,0,$0.00 ,$0.00 
2021-01-01,2021-01-01,Not grouped,USD,Advertise Catalog_ONB 10-23-2019 21ea,nosh - Kitchen,knife guard,BROAD,mercer 10  knife guard,20,1,5.00%,$0.37 ,$0.37 ,$0.00 ,,0,0,0,0.00%,0,0,$0.00 ,$0.00 
2021-01-04,2021-01-04,Not grouped,USD,Advertise Catalog_ONB 10-23-2019 21ea,nosh - Kitchen,knife guard,BROAD,mercer 12  knife guard,47,1,2.13%,$0.41 ,$0.41 ,$0.00 ,,0,0,0,0.00%,0,0,$0.00 ,$0.00 
2020-12-22,2020-12-22,Not grouped,USD,Advertise Catalog_ONB 10-23-2019 21ea,nosh - Kitchen,knife guard,BROAD,mercer chef knife guard,26,1,3.85%,$0.30 ,$0.30 ,$0.00 ,,0,0,0,0.00%,0,0,$0.00 ,$0.00 
2020-12-24,2021-01-11,Not grouped,USD,Advertise Catalog_ONB 10-23-2019 21ea,nosh - Kitchen,knife guard,BROAD,mercer culinary knife guard,158,3,1.90%,$0.31 ,$0.94 ,$0.00 ,,0,0,0,0.00%,0,0,$0.00 ,$0.00 
2020-12-31,2020-12-31,Not grouped,USD,Advertise Catalog_ONB 10-23-2019 21ea,nosh - Kitchen,knife guard,BROAD,mercer culinary knife guard 8x1 1/2,1,1,100.00%,$0.60 ,$0.60 ,$0.00 ,,0,0,0,0.00%,0,0,$0.00 ,$0.00 
2021-01-03,2021-01-03,Not grouped,USD,Advertise Catalog_ONB 10-23-2019 21ea,nosh - Kitchen,knife guard,BROAD,mercer culinary knife guards,311,1,0.32%,$0.46 ,$0.46 ,$0.00 ,,0,0,0,0.00%,0,0,$0.00 ,$0.00 
2020-12-29,2020-12-29,Not grouped,USD,Advertise Catalog_ONB 10-23-2019 21ea,nosh - Kitchen,knife guard,BROAD,mercer knife guard,43,1,2.33%,$0.50 ,$0.50 ,$0.00 ,,0,0,0,0.00%,0,0,$0.00 ,$0.00 
2021-01-02,2021-01-02,Not grouped,USD,Advertise Catalog_ONB 10-23-2019 21ea,nosh - Kitchen,knife guard,BROAD,mercer knife guard paring,53,1,1.89%,$0.29 ,$0.29 ,$0.00 ,,0,0,0,0.00%,0,0,$0.00 ,$0.00 
2020-12-20,2021-01-13,Not grouped,USD,Advertise Catalog_ONB 10-23-2019 21ea,nosh - Kitchen,knife guard,BROAD,mercer knife guard set,71,3,4.23%,$0.68 ,$2.03 ,$0.00 ,,0,0,0,0.00%,0,0,$0.00 ,$0.00 
2021-01-08,2021-01-08,Not grouped,USD,Advertise Catalog_ONB 10-23-2019 21ea,nosh - Kitchen,knife guard,BROAD,mercer santoku knife guard,314,1,0.32%,$0.45 ,$0.45 ,$0.00 ,,0,0,0,0.00%,0,0,$0.00 ,$0.00 
2021-01-04,2021-01-04,Not grouped,USD,Advertise Catalog_ONB 10-23-2019 21ea,nosh - Kitchen,knife guard,BROAD,messer knife guards,5,1,20.00%,$0.50 ,$0.50 ,$29.99 ,1.67%,59.98,1,1,100.00%,0,1,$0.00 ,$29.99 
2021-01-15,2021-01-15,Not grouped,USD,Advertise Catalog_ONB 10-23-2019 21ea,nosh - Kitchen,knife guard,BROAD,miyabi knife guard,88,1,1.14%,$0.61 ,$0.61 ,$0.00 ,,0,0,0,0.00%,0,0,$0.00 ,$0.00 
2020-12-22,2020-12-22,Not grouped,USD,Advertise Catalog_ONB 10-23-2019 21ea,nosh - Kitchen,knife guard,BROAD,nakiri knife guard,36,1,2.78%,$0.32 ,$0.32 ,$0.00 ,,0,0,0,0.00%,0,0,$0.00 ,$0.00 
2021-01-03,2021-01-03,Not grouped,USD,Advertise Catalog_ONB 10-23-2019 21ea,nosh - Kitchen,knife guard,BROAD,noble knife guard,35,1,2.86%,$0.51 ,$0.51 ,$0.00 ,,0,0,0,0.00%,0,0,$0.00 ,$0.00 
2020-12-30,2021-01-02,Not grouped,USD,Advertise Catalog_ONB 10-23-2019 21ea,nosh - Kitchen,knife guard,BROAD,nosh knife guard,53,3,5.66%,$0.50 ,$1.49 ,$79.96 ,1.86%,53.66,4,8,133.33%,1,7,$29.99 ,$49.97 
2020-12-21,2020-12-21,Not grouped,USD,Advertise Catalog_ONB 10-23-2019 21ea,nosh - Kitchen,knife guard,BROAD,nosh universal knife guard,5,1,20.00%,$0.74 ,$0.74 ,$29.99 ,2.47%,40.53,1,1,100.00%,1,0,$29.99 ,$0.00 
2021-01-08,2021-01-09,Not grouped,USD,Advertise Catalog_ONB 10-23-2019 21ea,nosh - Kitchen,knife guard,BROAD,pairing knife guard,45,3,6.67%,$0.51 ,$1.54 ,$0.00 ,,0,0,0,0.00%,0,0,$0.00 ,$0.00 
2021-01-06,2021-01-06,Not grouped,USD,Advertise Catalog_ONB 10-23-2019 21ea,nosh - Kitchen,knife guard,BROAD,pairing knives guard,14,2,14.29%,$0.55 ,$1.10 ,$0.00 ,,0,0,0,0.00%,0,0,$0.00 ,$0.00 
2021-01-06,2021-01-06,Not grouped,USD,Advertise Catalog_ONB 10-23-2019 21ea,nosh - Kitchen,knife guard,BROAD,"paring knife guard 3"" and 4""",2,1,50.00%,$0.64 ,$0.64 ,$0.00 ,,0,0,0,0.00%,0,0,$0.00 ,$0.00 
2020-12-25,2020-12-25,Not grouped,USD,Advertise Catalog_ONB 10-23-2019 21ea,nosh - Kitchen,knife guard,BROAD,plastic knife guard,39,2,5.13%,$0.47 ,$0.93 ,$0.00 ,,0,0,0,0.00%,0,0,$0.00 ,$0.00 
2021-01-02,2021-01-02,Not grouped,USD,Advertise Catalog_ONB 10-23-2019 21ea,nosh - Kitchen,knife guard,BROAD,read knife guard,1,1,100.00%,$0.44 ,$0.44 ,$0.00 ,,0,0,0,0.00%,0,0,$0.00 ,$0.00 
2020-12-23,2021-01-15,Not grouped,USD,Advertise Catalog_ONB 10-23-2019 21ea,nosh - Kitchen,knife guard,BROAD,shun knife guard,565,8,1.42%,$0.47 ,$3.72 ,$12.99 ,28.64%,3.49,1,1,12.50%,1,0,$12.99 ,$0.00 
2021-01-13,2021-01-13,Not grouped,USD,Advertise Catalog_ONB 10-23-2019 21ea,nosh - Kitchen,knife guard,BROAD,small knife guard,20,1,5.00%,$0.41 ,$0.41 ,$0.00 ,,0,0,0,0.00%,0,0,$0.00 ,$0.00 
2021-01-01,2021-01-01,Not grouped,USD,Advertise Catalog_ONB 10-23-2019 21ea,nosh - Kitchen,knife guard,BROAD,steak knife guard,5,1,20.00%,$0.66 ,$0.66 ,$0.00 ,,0,0,0,0.00%,0,0,$0.00 ,$0.00 
2021-01-12,2021-01-12,Not grouped,USD,Advertise Catalog_ONB 10-23-2019 21ea,nosh - Kitchen,knife guard,BROAD,universal knife guard,25,1,4.00%,$0.45 ,$0.45 ,$14.99 ,3.00%,33.31,1,1,100.00%,0,1,$0.00 ,$14.99 
2020-12-28,2021-01-14,Not grouped,USD,Advertise Catalog_ONB 10-23-2019 21ea,nosh - Kitchen,knife guard,BROAD,universal knife guards,114,3,2.63%,$0.60 ,$1.80 ,$0.00 ,,0,0,0,0.00%,0,0,$0.00 ,$0.00 
2020-12-25,2020-12-25,Not grouped,USD,Advertise Catalog_ONB 10-23-2019 21ea,nosh - Kitchen,knife guard,BROAD,utility knife guards,3,1,33.33%,$0.63 ,$0.63 ,$12.99 ,4.85%,20.62,1,1,100.00%,1,0,$12.99 ,$0.00 
2021-01-13,2021-01-13,Not grouped,USD,Advertise Catalog_ONB 10-23-2019 21ea,nosh - Kitchen,knife guard,BROAD,victorinox knife guard,21,1,4.76%,$0.42 ,$0.42 ,$12.99 ,3.23%,30.93,1,1,100.00%,1,0,$12.99 ,$0.00 
2020-12-27,2020-12-27,Not grouped,USD,Advertise Catalog_ONB 10-23-2019 21ea,nosh - Kitchen,knife guard,BROAD,wusthof 4606 deboning knife guard,1,1,100.00%,$0.74 ,$0.74 ,$0.00 ,,0,0,0,0.00%,0,0,$0.00 ,$0.00 
2020-12-25,2021-01-05,Not grouped,USD,Advertise Catalog_ONB 10-23-2019 21ea,nosh - Kitchen,knife guard,BROAD,wusthof knife guard,162,3,1.85%,$0.40 ,$1.20 ,$0.00 ,,0,0,0,0.00%,0,0,$0.00 ,$0.00 
2021-01-11,2021-01-11,Not grouped,USD,Advertise Catalog_ONB 10-23-2019 21ea,nosh - Kitchen,knife guard,BROAD,wusthof pro knife guard,6,1,16.67%,$0.43 ,$0.43 ,$0.00 ,,0,0,0,0.00%,0,0,$0.00 ,$0.00 
2020-12-27,2020-12-27,Not grouped,USD,Advertise Catalog_ONB 10-23-2019 21ea,nosh - Kitchen,knife guard,BROAD,wustoff knife guards,58,1,1.72%,$0.70 ,$0.70 ,$0.00 ,,0,0,0,0.00%,0,0,$0.00 ,$0.00 
2020-12-27,2020-12-27,Not grouped,USD,Advertise Catalog_ONB 10-23-2019 21ea,nosh - Kitchen,knife protector,BROAD,6 inch knife protector,44,1,2.27%,$0.40 ,$0.40 ,$0.00 ,,0,0,0,0.00%,0,0,$0.00 ,$0.00 
2020-12-24,2020-12-24,Not grouped,USD,Advertise Catalog_ONB 10-23-2019 21ea,nosh - Kitchen,knife protector,BROAD,8  knife protector,14,1,7.14%,$0.27 ,$0.27 ,$0.00 ,,0,0,0,0.00%,0,0,$0.00 ,$0.00 
2021-01-01,2021-01-07,Not grouped,USD,Advertise Catalog_ONB 10-23-2019 21ea,nosh - Kitchen,knife protector,BROAD,8 inch knife protector,109,2,1.83%,$0.37 ,$0.74 ,$12.99 ,5.70%,17.55,1,1,50.00%,1,0,$12.99 ,$0.00 
2021-01-08,2021-01-08,Not grouped,USD,Advertise Catalog_ONB 10-23-2019 21ea,nosh - Kitchen,knife protector,BROAD,filet knife protector,2,1,50.00%,$0.52 ,$0.52 ,$0.00 ,,0,0,0,0.00%,0,0,$0.00 ,$0.00 
2020-12-23,2021-01-05,Not grouped,USD,Advertise Catalog_ONB 10-23-2019 21ea,nosh - Kitchen,knife protector,BROAD,kitchen knife protector,62,2,3.23%,$0.32 ,$0.63 ,$0.00 ,,0,0,0,0.00%,0,0,$0.00 ,$0.00 
2020-12-31,2021-01-12,Not grouped,USD,Advertise Catalog_ONB 10-23-2019 21ea,nosh - Kitchen,knife protector,BROAD,knife edge protector,20,2,10.00%,$0.44 ,$0.88 ,$0.00 ,,0,0,0,0.00%,0,0,$0.00 ,$0.00 
2020-12-22,2020-12-30,Not grouped,USD,Advertise Catalog_ONB 10-23-2019 21ea,nosh - Kitchen,knife protector,BROAD,knife protector,140,2,1.43%,$0.43 ,$0.85 ,$0.00 ,,0,0,0,0.00%,0,0,$0.00 ,$0.00 
2021-01-15,2021-01-15,Not grouped,USD,Advertise Catalog_ONB 10-23-2019 21ea,nosh - Kitchen,knife protector,BROAD,knife protector 5.5 inch,8,1,12.50%,$0.38 ,$0.38 ,$0.00 ,,0,0,0,0.00%,0,0,$0.00 ,$0.00 
2020-12-27,2020-12-27,Not grouped,USD,Advertise Catalog_ONB 10-23-2019 21ea,nosh - Kitchen,knife protector,BROAD,knife protector for hands,1,1,100.00%,$0.48 ,$0.48 ,$0.00 ,,0,0,0,0.00%,0,0,$0.00 ,$0.00 
2020-12-21,2020-12-21,Not grouped,USD,Advertise Catalog_ONB 10-23-2019 21ea,nosh - Kitchen,knife protector,BROAD,knife protector hinged,6,1,16.67%,$0.80 ,$0.80 ,$0.00 ,,0,0,0,0.00%,0,0,$0.00 ,$0.00 
2021-01-01,2021-01-10,Not grouped,USD,Advertise Catalog_ONB 10-23-2019 21ea,nosh - Kitchen,knife protector,BROAD,knife protectors,212,4,1.89%,$0.39 ,$1.56 ,$0.00 ,,0,0,0,0.00%,0,0,$0.00 ,$0.00 
2021-01-07,2021-01-09,Not grouped,USD,Advertise Catalog_ONB 10-23-2019 21ea,nosh - Kitchen,knife protector,BROAD,steak knife protector,20,3,15.00%,$0.52 ,$1.57 ,$59.96 ,2.62%,38.19,2,4,66.67%,1,3,$29.99 ,$29.97 
2020-12-22,2020-12-22,Not grouped,USD,Advertise Catalog_ONB 10-23-2019 21ea,nosh - Kitchen,knife protector,BROAD,victorinox knife protector,2,1,50.00%,$0.46 ,$0.46 ,$0.00 ,,0,0,0,0.00%,0,0,$0.00 ,$0.00 
2020-12-21,2020-12-21,Not grouped,USD,Advertise Catalog_ONB 10-23-2019 21ea,nosh - Kitchen,knife protector,BROAD,wooden knife protector,4,1,25.00%,$0.41 ,$0.41 ,$0.00 ,,0,0,0,0.00%,0,0,$0.00 ,$0.00 
2021-01-11,2021-01-11,Not grouped,USD,Advertise Catalog_ONB 10-23-2019 21ea,nosh - Kitchen,knife blade cover,BROAD,blade cover for victorinox knife,6,1,16.67%,$0.56 ,$0.56 ,$12.99 ,4.31%,23.2,1,1,100.00%,1,0,$12.99 ,$0.00 
2021-01-03,2021-01-03,Not grouped,USD,Advertise Catalog_ONB 10-23-2019 21ea,nosh - Kitchen,knife blade cover,BROAD,henckels knife blade cover,1,1,100.00%,$0.47 ,$0.47 ,$0.00 ,,0,0,0,0.00%,0,0,$0.00 ,$0.00 
2021-01-09,2021-01-13,Not grouped,USD,Advertise Catalog_ONB 10-23-2019 21ea,nosh - Kitchen,knife blade cover,BROAD,knife blade cover,49,6,12.24%,$0.49 ,$2.94 ,$0.00 ,,0,0,0,0.00%,0,0,$0.00 ,$0.00 
2020-12-26,2021-01-04,Not grouped,USD,Advertise Catalog_ONB 10-23-2019 21ea,nosh - Kitchen,knife blade cover,BROAD,knife blade covers,24,2,8.33%,$0.41 ,$0.81 ,$0.00 ,,0,0,0,0.00%,0,0,$0.00 ,$0.00 
2021-01-04,2021-01-04,Not grouped,USD,Advertise Catalog_ONB 10-23-2019 21ea,nosh - Kitchen,knife blade cover,BROAD,paring knife blade cover,4,1,25.00%,$0.52 ,$0.52 ,$0.00 ,,0,0,0,0.00%,0,0,$0.00 ,$0.00 
2021-01-02,2021-01-02,Not grouped,USD,Advertise Catalog_ONB 10-23-2019 21ea,nosh - Kitchen,blade guards kitchen knives,BROAD,kitchen knife blade guard,40,1,2.50%,$0.44 ,$0.44 ,$0.00 ,,0,0,0,0.00%,0,0,$0.00 ,$0.00 
2020-12-22,2021-01-02,Not grouped,USD,Advertise Catalog_ONB 10-23-2019 21ea,nosh - Kitchen,blade guards kitchen knives,BROAD,kitchen knife blade guards,70,2,2.86%,$0.41 ,$0.82 ,$0.00 ,,0,0,0,0.00%,0,0,$0.00 ,$0.00 
2020-12-23,2020-12-23,Not grouped,USD,Advertise Catalog_ONB 10-23-2019 21ea,nosh - Kitchen,blade guards kitchen knives,BROAD,kitchen knife guards or blade covers,2,1,50.00%,$0.40 ,$0.40 ,$19.49 ,2.05%,48.73,1,1,100.00%,0,1,$0.00 ,$19.49 
2020-12-22,2020-12-22,Not grouped,USD,Advertise Catalog_ONB 10-23-2019 21ea,nosh - Kitchen,knife protector sleeve,BROAD,4” plastic knife protector sleeve,6,1,16.67%,$0.47 ,$0.47 ,$0.00 ,,0,0,0,0.00%,0,0,$0.00 ,$0.00 
2021-01-03,2021-01-06,Not grouped,USD,Advertise Catalog_ONB 10-23-2019 21ea,nosh - Kitchen,knife protector sleeve,BROAD,kitchen knife protector sleeve,215,3,1.40%,$0.47 ,$1.40 ,$0.00 ,,0,0,0,0.00%,0,0,$0.00 ,$0.00 
2020-12-30,2021-01-14,Not grouped,USD,Advertise Catalog_ONB 10-23-2019 21ea,nosh - Kitchen,knife protector sleeve,BROAD,knife protector sleeve,362,5,1.38%,$0.45 ,$2.25 ,$0.00 ,,0,0,0,0.00%,0,0,$0.00 ,$0.00 
2021-01-13,2021-01-13,Not grouped,USD,Advertise Catalog_ONB 10-23-2019 21ea,nosh - Kitchen,knife protector sleeve,BROAD,knife protector sleeve cutco,25,1,4.00%,$0.58 ,$0.58 ,$0.00 ,,0,0,0,0.00%,0,0,$0.00 ,$0.00 
2020-12-17,2020-12-17,Not grouped,USD,Advertise Catalog_ONB 10-23-2019 21ea,nosh - Kitchen,blade guard,BROAD,3 inch blade guard,3,1,33.33%,$0.51 ,$0.51 ,$0.00 ,,0,0,0,0.00%,0,0,$0.00 ,$0.00 
2020-12-31,2020-12-31,Not grouped,USD,Advertise Catalog_ONB 10-23-2019 21ea,nosh - Kitchen,blade guard,BROAD,6in blade guard,14,1,7.14%,$0.34 ,$0.34 ,$0.00 ,,0,0,0,0.00%,0,0,$0.00 ,$0.00 
2020-12-30,2021-01-07,Not grouped,USD,Advertise Catalog_ONB 10-23-2019 21ea,nosh - Kitchen,blade guard,BROAD,blade guard,89,3,3.37%,$0.50 ,$1.49 ,$12.99 ,11.47%,8.72,1,1,33.33%,1,0,$12.99 ,$0.00 
2020-12-31,2020-12-31,Not grouped,USD,Advertise Catalog_ONB 10-23-2019 21ea,nosh - Kitchen,blade guard,BROAD,blade guard 6 inch,22,1,4.55%,$0.41 ,$0.41 ,$0.00 ,,0,0,0,0.00%,0,0,$0.00 ,$0.00 
2020-12-22,2020-12-22,Not grouped,USD,Advertise Catalog_ONB 10-23-2019 21ea,nosh - Kitchen,blade guard,BROAD,kyocera blade guard 5 inches,3,1,33.33%,$0.46 ,$0.46 ,$0.00 ,,0,0,0,0.00%,0,0,$0.00 ,$0.00 
2020-12-27,2020-12-27,Not grouped,USD,Advertise Catalog_ONB 10-23-2019 21ea,nosh - Kitchen,blade guard,BROAD,mercer blade guard,47,1,2.13%,$0.35 ,$0.35 ,$0.00 ,,0,0,0,0.00%,0,0,$0.00 ,$0.00 
2020-12-30,2020-12-30,Not grouped,USD,Advertise Catalog_ONB 10-23-2019 21ea,nosh - Kitchen,blade guard,BROAD,nosh blade guard,10,1,10.00%,$0.49 ,$0.49 ,$0.00 ,,0,0,0,0.00%,0,0,$0.00 ,$0.00 
2020-12-20,2020-12-23,Not grouped,USD,Advertise Catalog_ONB 10-23-2019 21ea,nosh - Kitchen,blade guard,BROAD,victorinox blade guard,33,2,6.06%,$0.63 ,$1.25 ,$0.00 ,,0,0,0,0.00%,0,0,$0.00 ,$0.00 
2021-01-03,2021-01-05,Not grouped,USD,Advertise Catalog_ONB 10-23-2019 21ea,nosh - Kitchen,blade guard,BROAD,wusthof blade guard,165,2,1.21%,$0.31 ,$0.62 ,$0.00 ,,0,0,0,0.00%,0,0,$0.00 ,$0.00 
2021-01-13,2021-01-13,Not grouped,USD,Advertise Catalog_ONB 10-23-2019 21ea,nosh - Kitchen,blade guard,BROAD,wusthof blade guards,19,1,5.26%,$0.33 ,$0.33 ,$0.00 ,,0,0,0,0.00%,0,0,$0.00 ,$0.00 
2020-12-30,2020-12-30,Not grouped,USD,Advertise Catalog_ONB 10-23-2019 21ea,nosh - Kitchen,blade guard,BROAD,zwilling blade guard,7,1,14.29%,$0.38 ,$0.38 ,$0.00 ,,0,0,0,0.00%,0,0,$0.00 ,$0.00 
2020-12-30,2021-01-06,Not grouped,USD,Advertise Catalog_ONB 10-23-2019 21ea,nosh - Kitchen,knife sleeves guards,BROAD,butcher knife sleeves   guards,450,3,0.67%,$0.73 ,$2.18 ,$0.00 ,,0,0,0,0.00%,0,0,$0.00 ,$0.00 
2020-12-26,2021-01-09,Not grouped,USD,Advertise Catalog_ONB 10-23-2019 21ea,nosh - Kitchen,knife sleeves guards,BROAD,chef knife sleeves   guards,447,3,0.67%,$0.59 ,$1.76 ,$0.00 ,,0,0,0,0.00%,0,0,$0.00 ,$0.00 
2021-01-13,2021-01-15,Not grouped,USD,Advertise Catalog_ONB 10-23-2019 21ea,nosh - Kitchen,knife sleeves guards,BROAD,knife guards & sleeves,128,2,1.56%,$0.67 ,$1.34 ,$0.00 ,,0,0,0,0.00%,0,0,$0.00 ,$0.00 
2020-12-21,2021-01-11,Not grouped,USD,Advertise Catalog_ONB 10-23-2019 21ea,nosh - Kitchen,knife sleeves guards,BROAD,knife sleeves   guards,964,10,1.04%,$0.71 ,$7.14 ,$19.99 ,35.72%,2.8,2,3,20.00%,0,3,$0.00 ,$19.99 
2020-12-17,2021-01-14,Not grouped,USD,Advertise Catalog_ONB 10-23-2019 21ea,nosh - Kitchen,knife sleeves guards,BROAD,knife sleeves & guards,973,9,0.93%,$0.65 ,$5.85 ,$0.00 ,,0,0,0,0.00%,0,0,$0.00 ,$0.00 
2021-01-07,2021-01-07,Not grouped,USD,Advertise Catalog_ONB 10-23-2019 21ea,nosh - Kitchen,knife sleeves guards,BROAD,knife sleeves & guards 10 inch,9,1,11.11%,$0.60 ,$0.60 ,$0.00 ,,0,0,0,0.00%,0,0,$0.00 ,$0.00 
2021-01-12,2021-01-12,Not grouped,USD,Advertise Catalog_ONB 10-23-2019 21ea,nosh - Kitchen,knife sleeves guards,BROAD,knife sleeves & guards 8 inch,11,1,9.09%,$0.76 ,$0.76 ,$0.00 ,,0,0,0,0.00%,0,0,$0.00 ,$0.00 
2021-01-15,2021-01-15,Not grouped,USD,Advertise Catalog_ONB 10-23-2019 21ea,nosh - Kitchen,knife sleeves guards,BROAD,knife sleeves & guards for tomato slicer,2,1,50.00%,$0.86 ,$0.86 ,$0.00 ,,0,0,0,0.00%,0,0,$0.00 ,$0.00 
2021-01-10,2021-01-10,Not grouped,USD,Advertise Catalog_ONB 10-23-2019 21ea,nosh - Kitchen,knife sleeves guards,BROAD,large knife sleeves & guards,4,1,25.00%,$1.01 ,$1.01 ,$0.00 ,,0,0,0,0.00%,0,0,$0.00 ,$0.00 
2021-01-02,2021-01-02,Not grouped,USD,Advertise Catalog_ONB 10-23-2019 21ea,nosh - Kitchen,knife sleeves guards,BROAD,wusthof knife sleeves & guards 5 inch,2,1,50.00%,$0.58 ,$0.58 ,$0.00 ,,0,0,0,0.00%,0,0,$0.00 ,$0.00 
2020-12-31,2020-12-31,Not grouped,USD,Advertise Catalog_ONB 10-23-2019 21ea,nosh - Kitchen,knife covers sleeves,BROAD,bread knife covers or sleeves,7,1,14.29%,$0.73 ,$0.73 ,$0.00 ,,0,0,0,0.00%,0,0,$0.00 ,$0.00 
2021-01-06,2021-01-06,Not grouped,USD,Advertise Catalog_ONB 10-23-2019 21ea,nosh - Kitchen,knife covers sleeves,BROAD,cutco knife covers or sleeves,4,2,50.00%,$0.32 ,$0.64 ,$0.00 ,,0,0,0,0.00%,0,0,$0.00 ,$0.00 
2020-12-20,2021-01-15,Not grouped,USD,Advertise Catalog_ONB 10-23-2019 21ea,nosh - Kitchen,knife covers sleeves,BROAD,knife covers or sleeves,6849,47,0.69%,$0.52 ,$24.44 ,$72.96 ,33.50%,2.99,4,4,8.51%,1,3,$29.99 ,$42.97 
2020-12-22,2020-12-22,Not grouped,USD,Advertise Catalog_ONB 10-23-2019 21ea,nosh - Kitchen,knife covers sleeves,BROAD,knife covers or sleeves 12 inch,2,1,50.00%,$0.94 ,$0.94 ,$0.00 ,,0,0,0,0.00%,0,0,$0.00 ,$0.00 
2020-12-27,2020-12-27,Not grouped,USD,Advertise Catalog_ONB 10-23-2019 21ea,nosh - Kitchen,knife covers sleeves,BROAD,steak knife covers or sleeves,7,1,14.29%,$0.52 ,$0.52 ,$0.00 ,,0,0,0,0.00%,0,0,$0.00 ,$0.00 
2020-12-29,2020-12-29,Not grouped,USD,Advertise Catalog_ONB 10-23-2019 21ea,nosh - Kitchen,knife blade guard,BROAD,8.5 inch knife blade guard,2,1,50.00%,$0.62 ,$0.62 ,$12.99 ,4.77%,20.95,1,1,100.00%,1,0,$12.99 ,$0.00 
2021-01-02,2021-01-02,Not grouped,USD,Advertise Catalog_ONB 10-23-2019 21ea,nosh - Kitchen,knife blade guard,BROAD,blade guard paring knife,5,1,20.00%,$0.60 ,$0.60 ,$12.99 ,4.62%,21.65,1,1,100.00%,1,0,$12.99 ,$0.00 
2021-01-04,2021-01-04,Not grouped,USD,Advertise Catalog_ONB 10-23-2019 21ea,nosh - Kitchen,knife blade guard,BROAD,blade guard steak knife,11,1,9.09%,$0.61 ,$0.61 ,$25.98 ,2.35%,42.59,1,2,100.00%,2,0,$25.98 ,$0.00 
2020-12-20,2020-12-21,Not grouped,USD,Advertise Catalog_ONB 10-23-2019 21ea,nosh - Kitchen,knife blade guard,BROAD,blade guards for kitchen knives,9,2,22.22%,$0.69 ,$1.38 ,$0.00 ,,0,0,0,0.00%,0,0,$0.00 ,$0.00 
2020-12-21,2020-12-21,Not grouped,USD,Advertise Catalog_ONB 10-23-2019 21ea,nosh - Kitchen,knife blade guard,BROAD,blade safe knife guards,109,2,1.83%,$0.55 ,$1.10 ,$0.00 ,,0,0,0,0.00%,0,0,$0.00 ,$0.00 
2020-12-23,2021-01-08,Not grouped,USD,Advertise Catalog_ONB 10-23-2019 21ea,nosh - Kitchen,knife blade guard,BROAD,chef knife blade guard,481,8,1.66%,$0.44 ,$3.48 ,$0.00 ,,0,0,0,0.00%,0,0,$0.00 ,$0.00 
2021-01-08,2021-01-08,Not grouped,USD,Advertise Catalog_ONB 10-23-2019 21ea,nosh - Kitchen,knife blade guard,BROAD,chef knife blade guard nos large,4,1,25.00%,$0.56 ,$0.56 ,$14.99 ,3.74%,26.77,1,1,100.00%,0,1,$0.00 ,$14.99 
2021-01-13,2021-01-13,Not grouped,USD,Advertise Catalog_ONB 10-23-2019 21ea,nosh - Kitchen,knife blade guard,BROAD,chef knife guard 13 in pointed blade,8,1,12.50%,$0.94 ,$0.94 ,$0.00 ,,0,0,0,0.00%,0,0,$0.00 ,$0.00 
2020-12-21,2020-12-28,Not grouped,USD,Advertise Catalog_ONB 10-23-2019 21ea,nosh - Kitchen,knife blade guard,BROAD,chefs knife blade guard,141,5,3.55%,$0.45 ,$2.26 ,$12.99 ,17.40%,5.75,1,1,20.00%,1,0,$12.99 ,$0.00 
2020-12-26,2021-01-10,Not grouped,USD,Advertise Catalog_ONB 10-23-2019 21ea,nosh - Kitchen,knife blade guard,BROAD,kitchen knife blade guard,24,2,8.33%,$0.52 ,$1.04 ,$0.00 ,,0,0,0,0.00%,0,0,$0.00 ,$0.00 
2020-12-23,2020-12-23,Not grouped,USD,Advertise Catalog_ONB 10-23-2019 21ea,nosh - Kitchen,knife blade guard,BROAD,kitchen knife guards or blade covers,22,1,4.55%,$0.65 ,$0.65 ,$0.00 ,,0,0,0,0.00%,0,0,$0.00 ,$0.00 
2020-12-21,2021-01-13,Not grouped,USD,Advertise Catalog_ONB 10-23-2019 21ea,nosh - Kitchen,knife blade guard,BROAD,knife blade guard,913,4,0.44%,$0.48 ,$1.92 ,$12.99 ,14.78%,6.77,1,1,25.00%,0,1,$0.00 ,$12.99 
2021-01-01,2021-01-01,Not grouped,USD,Advertise Catalog_ONB 10-23-2019 21ea,nosh - Kitchen,knife blade guard,BROAD,knife blade guard 4.5 inch,7,1,14.29%,$0.83 ,$0.83 ,$12.99 ,6.39%,15.65,1,1,100.00%,1,0,$12.99 ,$0.00 
2021-01-01,2021-01-01,Not grouped,USD,Advertise Catalog_ONB 10-23-2019 21ea,nosh - Kitchen,knife blade guard,BROAD,knife blade guard 6 inch,8,1,12.50%,$0.54 ,$0.54 ,$9.99 ,5.41%,18.5,1,1,100.00%,0,1,$0.00 ,$9.99 
2020-12-22,2021-01-10,Not grouped,USD,Advertise Catalog_ONB 10-23-2019 21ea,nosh - Kitchen,knife blade guard,BROAD,knife blade guard set,239,3,1.26%,$0.49 ,$1.46 ,$0.00 ,,0,0,0,0.00%,0,0,$0.00 ,$0.00 
2020-12-24,2021-01-10,Not grouped,USD,Advertise Catalog_ONB 10-23-2019 21ea,nosh - Kitchen,knife blade guard,BROAD,knife blade guards,406,3,0.74%,$0.31 ,$0.93 ,$0.00 ,,0,0,0,0.00%,0,0,$0.00 ,$0.00 
2021-01-01,2021-01-01,Not grouped,USD,Advertise Catalog_ONB 10-23-2019 21ea,nosh - Kitchen,knife blade guard,BROAD,kyocera ceramic knife blade guard,3,1,33.33%,$0.65 ,$0.65 ,$12.99 ,5.00%,19.98,1,1,100.00%,1,0,$12.99 ,$0.00 
2020-12-24,2020-12-24,Not grouped,USD,Advertise Catalog_ONB 10-23-2019 21ea,nosh - Kitchen,knife blade guard,BROAD,paring knife blade guard,4,1,25.00%,$0.51 ,$0.51 ,$3.50 ,14.57%,6.86,1,1,100.00%,0,1,$0.00 ,$3.50 
2020-12-23,2020-12-23,Not grouped,USD,Advertise Catalog_ONB 10-23-2019 21ea,nosh - Kitchen,knife blade guard,BROAD,wusthof knife blade guard,2,1,50.00%,$0.53 ,$0.53 ,$0.00 ,,0,0,0,0.00%,0,0,$0.00 ,$0.00 
