Start Date,End Date,Portfolio name,Currency,Campaign Name,Ad Group Name,Targeting,Match Type,Customer Search Term,Impressions,Clicks,Click-Thru Rate (CTR),Cost Per Click (CPC),Spend,7 Day Total Sales ,Total Advertising Cost of Sales (ACoS) ,Total Return on Advertising Spend (RoAS),7 Day Total Orders (#),7 Day Total Units (#),7 Day Conversion Rate,7 Day Advertised SKU Units (#),7 Day Other SKU Units (#),7 Day Advertised SKU Sales ,7 Day Other SKU Sales 
"Nov 27, 2020","Nov 27, 2020",Not grouped,USD,Advertise Catalog_ONB 10-23-2019 21ea,nosh - Kitchen,kitchen knife sheath,BROAD,engraved kitchen knife sheath,2,1,50.0000%,$0.62,$0.62,$0.00,,0,0,0,0.0000%,0,0,$0.00,$0.00
"Nov 16, 2020","Nov 19, 2020",Not grouped,USD,Advertise Catalog_ONB 10-23-2019 21ea,nosh - Kitchen,kitchen knife sheath,BROAD,kitchen knife sheath,160,3,1.8750%,$0.53,$1.60,$0.00,,0,0,0,0.0000%,0,0,$0.00,$0.00
"Nov 22, 2020","Nov 22, 2020",Not grouped,USD,Advertise Catalog_ONB 10-23-2019 21ea,nosh - Kitchen,kitchen knife sheath,BROAD,kitchen knife sheath 10 inch blade,4,1,25.0000%,$0.52,$0.52,$12.99,4.0031%,24.98,1,1,100.0000%,1,0,$12.99,$0.00
"Nov 23, 2020","Nov 23, 2020",Not grouped,USD,Advertise Catalog_ONB 10-23-2019 21ea,nosh - Kitchen,kitchen knife sheath,BROAD,kitchen knife sheath covers,4,1,25.0000%,$0.34,$0.34,$0.00,,0,0,0,0.0000%,0,0,$0.00,$0.00
"Nov 24, 2020","Nov 24, 2020",Not grouped,USD,Advertise Catalog_ONB 10-23-2019 21ea,nosh - Kitchen,kitchen knife sheath,BROAD,knife sheaths kitchen,45,1,2.2222%,$0.67,$0.67,$0.00,,0,0,0,0.0000%,0,0,$0.00,$0.00
"Nov 23, 2020","Nov 23, 2020",Not grouped,USD,Advertise Catalog_ONB 10-23-2019 21ea,nosh - Kitchen,kitchen knife sheath,BROAD,plastic kitchen knife sheath,5,1,20.0000%,$0.31,$0.31,$0.00,,0,0,0,0.0000%,0,0,$0.00,$0.00
"Nov 20, 2020","Nov 20, 2020",Not grouped,USD,Advertise Catalog_ONB 10-23-2019 21ea,nosh - Kitchen,kitchen knife sheath,BROAD,sheaths for kitchen knives,12,1,8.3333%,$0.58,$0.58,$0.00,,0,0,0,0.0000%,0,0,$0.00,$0.00
"Nov 28, 2020","Nov 28, 2020",Not grouped,USD,Advertise Catalog_ONB 10-23-2019 21ea,nosh - Kitchen,chef knife covers,BROAD,10 chef knife cover,374,1,0.2674%,$0.39,$0.39,$0.00,,0,0,0,0.0000%,0,0,$0.00,$0.00
"Nov 23, 2020","Nov 23, 2020",Not grouped,USD,Advertise Catalog_ONB 10-23-2019 21ea,nosh - Kitchen,chef knife covers,BROAD,8  chef knife cover,128,1,0.7813%,$0.49,$0.49,$0.00,,0,0,0,0.0000%,0,0,$0.00,$0.00
"Nov 19, 2020","Dec 06, 2020",Not grouped,USD,Advertise Catalog_ONB 10-23-2019 21ea,nosh - Kitchen,chef knife covers,BROAD,chef knife cover,386,3,0.7772%,$0.48,$1.44,$0.00,,0,0,0,0.0000%,0,0,$0.00,$0.00
"Nov 19, 2020","Nov 19, 2020",Not grouped,USD,Advertise Catalog_ONB 10-23-2019 21ea,nosh - Kitchen,chef knife covers,BROAD,chef knife cover protector,79,1,1.2658%,$0.37,$0.37,$0.00,,0,0,0,0.0000%,0,0,$0.00,$0.00
"Nov 19, 2020","Nov 19, 2020",Not grouped,USD,Advertise Catalog_ONB 10-23-2019 21ea,nosh - Kitchen,chef knife covers,BROAD,chef knife covers,65,1,1.5385%,$0.29,$0.29,$0.00,,0,0,0,0.0000%,0,0,$0.00,$0.00
"Nov 25, 2020","Nov 25, 2020",Not grouped,USD,Advertise Catalog_ONB 10-23-2019 21ea,nosh - Kitchen,chef knife covers,BROAD,chef knife wusthof cover,1,1,100.0000%,$0.64,$0.64,$0.00,,0,0,0,0.0000%,0,0,$0.00,$0.00
"Nov 30, 2020","Nov 30, 2020",Not grouped,USD,Advertise Catalog_ONB 10-23-2019 21ea,nosh - Kitchen,knife blade protector,BROAD,"10"" knife blade protector",1,1,100.0000%,$0.76,$0.76,$0.00,,0,0,0,0.0000%,0,0,$0.00,$0.00
"Nov 17, 2020","Nov 22, 2020",Not grouped,USD,Advertise Catalog_ONB 10-23-2019 21ea,nosh - Kitchen,knife blade protector,BROAD,blade protector for knives,110,2,1.8182%,$0.62,$1.24,$0.00,,0,0,0,0.0000%,0,0,$0.00,$0.00
"Nov 16, 2020","Nov 26, 2020",Not grouped,USD,Advertise Catalog_ONB 10-23-2019 21ea,nosh - Kitchen,knife blade protector,BROAD,blade safe knife protector,248,2,0.8065%,$0.62,$1.23,$0.00,,0,0,0,0.0000%,0,0,$0.00,$0.00
"Dec 14, 2020","Dec 14, 2020",Not grouped,USD,Advertise Catalog_ONB 10-23-2019 21ea,nosh - Kitchen,knife blade protector,BROAD,blade saver knife protector,20,1,5.0000%,$0.61,$0.61,$0.00,,0,0,0,0.0000%,0,0,$0.00,$0.00
"Dec 05, 2020","Dec 05, 2020",Not grouped,USD,Advertise Catalog_ONB 10-23-2019 21ea,nosh - Kitchen,knife blade protector,BROAD,henckels 6 inch utility knife blade protector,1,1,100.0000%,$0.60,$0.60,$0.00,,0,0,0,0.0000%,0,0,$0.00,$0.00
"Nov 16, 2020","Dec 13, 2020",Not grouped,USD,Advertise Catalog_ONB 10-23-2019 21ea,nosh - Kitchen,knife blade protector,BROAD,knife blade protector,204,8,3.9216%,$0.50,$3.96,$12.99,30.4850%,3.28,1,1,12.5000%,1,0,$12.99,$0.00
"Dec 10, 2020","Dec 11, 2020",Not grouped,USD,Advertise Catalog_ONB 10-23-2019 21ea,nosh - Kitchen,knife blade protector,BROAD,knife blade protector 5 in,3,2,66.6667%,$0.66,$1.31,$0.00,,0,0,0,0.0000%,0,0,$0.00,$0.00
"Nov 17, 2020","Nov 17, 2020",Not grouped,USD,Advertise Catalog_ONB 10-23-2019 21ea,nosh - Kitchen,knife blade protector,BROAD,knife edge protector for thick blades,10,1,10.0000%,$0.62,$0.62,$0.00,,0,0,0,0.0000%,0,0,$0.00,$0.00
"Nov 20, 2020","Nov 20, 2020",Not grouped,USD,Advertise Catalog_ONB 10-23-2019 21ea,nosh - Kitchen,knife blade protector,BROAD,paring knife blade protector,47,1,2.1277%,$0.73,$0.73,$0.00,,0,0,0,0.0000%,0,0,$0.00,$0.00
"Nov 20, 2020","Dec 10, 2020",Not grouped,USD,Advertise Catalog_ONB 10-23-2019 21ea,nosh - Kitchen,edge guard knife protector,BROAD,edge guard knife protector,448,4,0.8929%,$0.72,$2.87,$5.99,47.9132%,2.09,1,1,25.0000%,0,1,$0.00,$5.99
"Nov 29, 2020","Nov 29, 2020",Not grouped,USD,Advertise Catalog_ONB 10-23-2019 21ea,nosh - Kitchen,knife edge guard,BROAD,10.25 bread knife edge guard,1,1,100.0000%,$0.64,$0.64,$0.00,,0,0,0,0.0000%,0,0,$0.00,$0.00
"Nov 25, 2020","Nov 25, 2020",Not grouped,USD,Advertise Catalog_ONB 10-23-2019 21ea,nosh - Kitchen,knife edge guard,BROAD,14  knife edge guard,37,1,2.7027%,$0.64,$0.64,$0.00,,0,0,0,0.0000%,0,0,$0.00,$0.00
"Dec 11, 2020","Dec 11, 2020",Not grouped,USD,Advertise Catalog_ONB 10-23-2019 21ea,nosh - Kitchen,knife edge guard,BROAD,3.5 knife edge guard,11,1,9.0909%,$0.29,$0.29,$0.00,,0,0,0,0.0000%,0,0,$0.00,$0.00
"Nov 23, 2020","Nov 23, 2020",Not grouped,USD,Advertise Catalog_ONB 10-23-2019 21ea,nosh - Kitchen,knife edge guard,BROAD,4 pc black edge guard knife,1,1,100.0000%,$0.45,$0.45,$0.00,,0,0,0,0.0000%,0,0,$0.00,$0.00
"Dec 06, 2020","Dec 06, 2020",Not grouped,USD,Advertise Catalog_ONB 10-23-2019 21ea,nosh - Kitchen,knife edge guard,BROAD,5” plastic knife edge guard,8,1,12.5000%,$0.51,$0.51,$0.00,,0,0,0,0.0000%,0,0,$0.00,$0.00
"Dec 13, 2020","Dec 14, 2020",Not grouped,USD,Advertise Catalog_ONB 10-23-2019 21ea,nosh - Kitchen,knife edge guard,BROAD,6 inch knife edge guard,3,2,66.6667%,$0.50,$1.00,$0.00,,0,0,0,0.0000%,0,0,$0.00,$0.00
"Dec 05, 2020","Dec 07, 2020",Not grouped,USD,Advertise Catalog_ONB 10-23-2019 21ea,nosh - Kitchen,knife edge guard,BROAD,6 knife edge guard,4,2,50.0000%,$0.64,$1.28,$0.00,,0,0,0,0.0000%,0,0,$0.00,$0.00
"Nov 29, 2020","Nov 29, 2020",Not grouped,USD,Advertise Catalog_ONB 10-23-2019 21ea,nosh - Kitchen,knife edge guard,BROAD,6.5&amp,#34, + 5 &amp,#34, and 4&amp,#34,knife edge guards,1,1,100.0000%,$0.45,$0.45,$0.00,,0,0
"Dec 10, 2020","Dec 10, 2020",Not grouped,USD,Advertise Catalog_ONB 10-23-2019 21ea,nosh - Kitchen,knife edge guard,BROAD,7&amp,#34, cooking knives sheath edge guards,1,1,100.0000%,$0.50,$0.50,$0.00,,0,0,0,0.0000%,0,0
"Dec 12, 2020","Dec 12, 2020",Not grouped,USD,Advertise Catalog_ONB 10-23-2019 21ea,nosh - Kitchen,knife edge guard,BROAD,8 inch plastic knife edge guard,1,1,100.0000%,$0.41,$0.41,$11.98,3.4224%,29.22,1,2,100.0000%,0,2,$0.00,$11.98
"Dec 16, 2020","Dec 16, 2020",Not grouped,USD,Advertise Catalog_ONB 10-23-2019 21ea,nosh - Kitchen,knife edge guard,BROAD,asaya knife edge guards,1,1,100.0000%,$0.39,$0.39,$0.00,,0,0,0,0.0000%,0,0,$0.00,$0.00
"Dec 15, 2020","Dec 15, 2020",Not grouped,USD,Advertise Catalog_ONB 10-23-2019 21ea,nosh - Kitchen,knife edge guard,BROAD,bread knife edge guard,51,1,1.9608%,$0.57,$0.57,$0.00,,0,0,0,0.0000%,0,0,$0.00,$0.00
"Nov 20, 2020","Nov 20, 2020",Not grouped,USD,Advertise Catalog_ONB 10-23-2019 21ea,nosh - Kitchen,knife edge guard,BROAD,butcher knife edge guard,17,1,5.8824%,$0.60,$0.60,$0.00,,0,0,0,0.0000%,0,0,$0.00,$0.00
"Dec 10, 2020","Dec 10, 2020",Not grouped,USD,Advertise Catalog_ONB 10-23-2019 21ea,nosh - Kitchen,knife edge guard,BROAD,chef knife edge guards 8&#34 bulk,4,1,25.0000%,$0.58,$0.58,$0.00,,0,0,0,0.0000%,0,0,$0.00,$0.00
"Dec 05, 2020","Dec 05, 2020",Not grouped,USD,Advertise Catalog_ONB 10-23-2019 21ea,nosh - Kitchen,knife edge guard,BROAD,chef knife edge guards cleaver,1,1,100.0000%,$0.54,$0.54,$0.00,,0,0,0,0.0000%,0,0,$0.00,$0.00
"Dec 08, 2020","Dec 08, 2020",Not grouped,USD,Advertise Catalog_ONB 10-23-2019 21ea,nosh - Kitchen,knife edge guard,BROAD,commercial butcher knife edge guard,1,1,100.0000%,$0.46,$0.46,$0.00,,0,0,0,0.0000%,0,0,$0.00,$0.00
"Dec 11, 2020","Dec 11, 2020",Not grouped,USD,Advertise Catalog_ONB 10-23-2019 21ea,nosh - Kitchen,knife edge guard,BROAD,dexter knife edge guard,3,1,33.3333%,$0.37,$0.37,$0.00,,0,0,0,0.0000%,0,0,$0.00,$0.00
"Dec 05, 2020","Dec 05, 2020",Not grouped,USD,Advertise Catalog_ONB 10-23-2019 21ea,nosh - Kitchen,knife edge guard,BROAD,edge guard chinese chef knife,8,1,12.5000%,$0.69,$0.69,$0.00,,0,0,0,0.0000%,0,0,$0.00,$0.00
"Nov 29, 2020","Dec 12, 2020",Not grouped,USD,Advertise Catalog_ONB 10-23-2019 21ea,nosh - Kitchen,knife edge guard,BROAD,edge guard knife,26,2,7.6923%,$0.56,$1.11,$0.00,,0,0,0,0.0000%,0,0,$0.00,$0.00
"Dec 04, 2020","Dec 04, 2020",Not grouped,USD,Advertise Catalog_ONB 10-23-2019 21ea,nosh - Kitchen,knife edge guard,BROAD,edge-guard knife sheath,5,1,20.0000%,$0.62,$0.62,$0.00,,0,0,0,0.0000%,0,0,$0.00,$0.00
"Dec 13, 2020","Dec 13, 2020",Not grouped,USD,Advertise Catalog_ONB 10-23-2019 21ea,nosh - Kitchen,knife edge guard,BROAD,henckels knife edge guard 10 inch,3,1,33.3333%,$0.68,$0.68,$14.99,4.5364%,22.04,1,1,100.0000%,0,1,$0.00,$14.99
"Nov 29, 2020","Dec 02, 2020",Not grouped,USD,Advertise Catalog_ONB 10-23-2019 21ea,nosh - Kitchen,knife edge guard,BROAD,kitchen knife edge guard,15,2,13.3333%,$0.51,$1.02,$0.00,,0,0,0,0.0000%,0,0,$0.00,$0.00
"Nov 17, 2020","Dec 10, 2020",Not grouped,USD,Advertise Catalog_ONB 10-23-2019 21ea,nosh - Kitchen,knife edge guard,BROAD,knife edge guard,211,3,1.4218%,$0.35,$1.04,$12.99,8.0062%,12.49,1,1,33.3333%,1,0,$12.99,$0.00
"Dec 08, 2020","Dec 08, 2020",Not grouped,USD,Advertise Catalog_ONB 10-23-2019 21ea,nosh - Kitchen,knife edge guard,BROAD,knife edge guard 4 inch,2,1,50.0000%,$0.59,$0.59,$0.00,,0,0,0,0.0000%,0,0,$0.00,$0.00
"Dec 01, 2020","Dec 01, 2020",Not grouped,USD,Advertise Catalog_ONB 10-23-2019 21ea,nosh - Kitchen,knife edge guard,BROAD,knife edge guard 5 inch,7,1,14.2857%,$0.53,$0.53,$0.00,,0,0,0,0.0000%,0,0,$0.00,$0.00
"Dec 04, 2020","Dec 04, 2020",Not grouped,USD,Advertise Catalog_ONB 10-23-2019 21ea,nosh - Kitchen,knife edge guard,BROAD,knife edge guard wood,1,1,100.0000%,$0.44,$0.44,$0.00,,0,0,0,0.0000%,0,0,$0.00,$0.00
"Dec 11, 2020","Dec 11, 2020",Not grouped,USD,Advertise Catalog_ONB 10-23-2019 21ea,nosh - Kitchen,knife edge guard,BROAD,knife roll knife edge guard,1,1,100.0000%,$0.40,$0.40,$0.00,,0,0,0,0.0000%,0,0,$0.00,$0.00
"Dec 07, 2020","Dec 07, 2020",Not grouped,USD,Advertise Catalog_ONB 10-23-2019 21ea,nosh - Kitchen,knife edge guard,BROAD,knife wood edge guard,1,1,100.0000%,$0.60,$0.60,$0.00,,0,0,0,0.0000%,0,0,$0.00,$0.00
"Dec 05, 2020","Dec 05, 2020",Not grouped,USD,Advertise Catalog_ONB 10-23-2019 21ea,nosh - Kitchen,knife edge guard,BROAD,mac knife edge guard,1,1,100.0000%,$0.45,$0.45,$0.00,,0,0,0,0.0000%,0,0,$0.00,$0.00
"Dec 15, 2020","Dec 15, 2020",Not grouped,USD,Advertise Catalog_ONB 10-23-2019 21ea,nosh - Kitchen,knife edge guard,BROAD,"noble 8"" knife edge guard",1,1,100.0000%,$0.52,$0.52,$14.99,3.4690%,28.83,1,1,100.0000%,0,1,$0.00,$14.99
"Nov 18, 2020","Nov 30, 2020",Not grouped,USD,Advertise Catalog_ONB 10-23-2019 21ea,nosh - Kitchen,knife edge guard,BROAD,slicer knife edge guard,179,2,1.1173%,$0.68,$1.35,$0.00,,0,0,0,0.0000%,0,0,$0.00,$0.00
"Dec 07, 2020","Dec 07, 2020",Not grouped,USD,Advertise Catalog_ONB 10-23-2019 21ea,nosh - Kitchen,knife edge guard,BROAD,small knife edge guard,17,1,5.8824%,$0.42,$0.42,$0.00,,0,0,0,0.0000%,0,0,$0.00,$0.00
"Dec 06, 2020","Dec 06, 2020",Not grouped,USD,Advertise Catalog_ONB 10-23-2019 21ea,nosh - Kitchen,knife edge guard,BROAD,small knife edge guards,3,1,33.3333%,$0.86,$0.86,$0.00,,0,0,0,0.0000%,0,0,$0.00,$0.00
"Dec 03, 2020","Dec 03, 2020",Not grouped,USD,Advertise Catalog_ONB 10-23-2019 21ea,nosh - Kitchen,knife edge guard,BROAD,steak knife edge guards,4,1,25.0000%,$0.47,$0.47,$0.00,,0,0,0,0.0000%,0,0,$0.00,$0.00
"Dec 16, 2020","Dec 16, 2020",Not grouped,USD,Advertise Catalog_ONB 10-23-2019 21ea,nosh - Kitchen,knife edge guard,BROAD,sushi knife edge guard,2,1,50.0000%,$0.43,$0.43,$0.00,,0,0,0,0.0000%,0,0,$0.00,$0.00
"Nov 23, 2020","Nov 23, 2020",Not grouped,USD,Advertise Catalog_ONB 10-23-2019 21ea,nosh - Kitchen,knife edge guard,BROAD,universal knife edge guards,38,1,2.6316%,$0.66,$0.66,$0.00,,0,0,0,0.0000%,0,0,$0.00,$0.00
"Dec 06, 2020","Dec 06, 2020",Not grouped,USD,Advertise Catalog_ONB 10-23-2019 21ea,nosh - Kitchen,knife edge guard,BROAD,wood 10 “ knife edge guard,1,1,100.0000%,$0.40,$0.40,$0.00,,0,0,0,0.0000%,0,0,$0.00,$0.00
"Dec 15, 2020","Dec 15, 2020",Not grouped,USD,Advertise Catalog_ONB 10-23-2019 21ea,nosh - Kitchen,knife edge guard,BROAD,“mercer” knife edge guard,1,1,100.0000%,$0.44,$0.44,$0.00,,0,0,0,0.0000%,0,0,$0.00,$0.00
"Nov 16, 2020","Dec 16, 2020",Not grouped,USD,Advertise Catalog_ONB 10-23-2019 21ea,nosh - Kitchen,knife guard,BROAD,10  knife guard,219,3,1.3699%,$0.47,$1.41,$0.00,,0,0,0,0.0000%,0,0,$0.00,$0.00
"Nov 29, 2020","Nov 29, 2020",Not grouped,USD,Advertise Catalog_ONB 10-23-2019 21ea,nosh - Kitchen,knife guard,BROAD,10 in knife guard,9,1,11.1111%,$0.34,$0.34,$0.00,,0,0,0,0.0000%,0,0,$0.00,$0.00
"Nov 25, 2020","Nov 25, 2020",Not grouped,USD,Advertise Catalog_ONB 10-23-2019 21ea,nosh - Kitchen,knife guard,BROAD,10 piece knife guard,14,1,7.1429%,$0.53,$0.53,$0.00,,0,0,0,0.0000%,0,0,$0.00,$0.00
"Dec 05, 2020","Dec 05, 2020",Not grouped,USD,Advertise Catalog_ONB 10-23-2019 21ea,nosh - Kitchen,knife guard,BROAD,10in knife guard,59,1,1.6949%,$0.57,$0.57,$0.00,,0,0,0,0.0000%,0,0,$0.00,$0.00
"Nov 19, 2020","Nov 19, 2020",Not grouped,USD,Advertise Catalog_ONB 10-23-2019 21ea,nosh - Kitchen,knife guard,BROAD,12 in knife guard,82,1,1.2195%,$0.47,$0.47,$0.00,,0,0,0,0.0000%,0,0,$0.00,$0.00
"Dec 07, 2020","Dec 07, 2020",Not grouped,USD,Advertise Catalog_ONB 10-23-2019 21ea,nosh - Kitchen,knife guard,BROAD,12 knife guard,189,1,0.5291%,$0.53,$0.53,$0.00,,0,0,0,0.0000%,0,0,$0.00,$0.00
"Nov 29, 2020","Nov 29, 2020",Not grouped,USD,Advertise Catalog_ONB 10-23-2019 21ea,nosh - Kitchen,knife guard,BROAD,"12"" knife guard",4,1,25.0000%,$0.70,$0.70,$0.00,,0,0,0,0.0000%,0,0,$0.00,$0.00
"Nov 24, 2020","Nov 24, 2020",Not grouped,USD,Advertise Catalog_ONB 10-23-2019 21ea,nosh - Kitchen,knife guard,BROAD,1x10 knife guard,2,1,50.0000%,$0.52,$0.52,$0.00,,0,0,0,0.0000%,0,0,$0.00,$0.00
"Dec 05, 2020","Dec 05, 2020",Not grouped,USD,Advertise Catalog_ONB 10-23-2019 21ea,nosh - Kitchen,knife guard,BROAD,210mm knife guard,1,1,100.0000%,$0.57,$0.57,$0.00,,0,0,0,0.0000%,0,0,$0.00,$0.00
"Dec 15, 2020","Dec 15, 2020",Not grouped,USD,Advertise Catalog_ONB 10-23-2019 21ea,nosh - Kitchen,knife guard,BROAD,3 nosh universal knife guards,3,1,33.3333%,$0.86,$0.86,$0.00,,0,0,0,0.0000%,0,0,$0.00,$0.00
"Dec 15, 2020","Dec 15, 2020",Not grouped,USD,Advertise Catalog_ONB 10-23-2019 21ea,nosh - Kitchen,knife guard,BROAD,3 universal knife guards,5,1,20.0000%,$0.64,$0.64,$0.00,,0,0,0,0.0000%,0,0,$0.00,$0.00
"Dec 16, 2020","Dec 16, 2020",Not grouped,USD,Advertise Catalog_ONB 10-23-2019 21ea,nosh - Kitchen,knife guard,BROAD,4  knife guard,36,1,2.7778%,$0.42,$0.42,$0.00,,0,0,0,0.0000%,0,0,$0.00,$0.00
"Dec 08, 2020","Dec 08, 2020",Not grouped,USD,Advertise Catalog_ONB 10-23-2019 21ea,nosh - Kitchen,knife guard,BROAD,6  knife guard,104,1,0.9615%,$0.64,$0.64,$0.00,,0,0,0,0.0000%,0,0,$0.00,$0.00
"Dec 13, 2020","Dec 13, 2020",Not grouped,USD,Advertise Catalog_ONB 10-23-2019 21ea,nosh - Kitchen,knife guard,BROAD,6 in knife guard,2,1,50.0000%,$0.45,$0.45,$0.00,,0,0,0,0.0000%,0,0,$0.00,$0.00
"Nov 21, 2020","Nov 21, 2020",Not grouped,USD,Advertise Catalog_ONB 10-23-2019 21ea,nosh - Kitchen,knife guard,BROAD,7  knife guard,16,1,6.2500%,$0.46,$0.46,$12.99,3.5412%,28.24,1,1,100.0000%,1,0,$12.99,$0.00
"Nov 25, 2020","Nov 25, 2020",Not grouped,USD,Advertise Catalog_ONB 10-23-2019 21ea,nosh - Kitchen,knife guard,BROAD,7 chef knife guard,121,1,0.8264%,$0.64,$0.64,$0.00,,0,0,0,0.0000%,0,0,$0.00,$0.00
"Dec 11, 2020","Dec 13, 2020",Not grouped,USD,Advertise Catalog_ONB 10-23-2019 21ea,nosh - Kitchen,knife guard,BROAD,8  knife guard,101,2,1.9802%,$0.45,$0.90,$0.00,,0,0,0,0.0000%,0,0,$0.00,$0.00
"Nov 17, 2020","Dec 01, 2020",Not grouped,USD,Advertise Catalog_ONB 10-23-2019 21ea,nosh - Kitchen,knife guard,BROAD,8 inch knife guard,50,3,6.0000%,$0.48,$1.45,$0.00,,0,0,0,0.0000%,0,0,$0.00,$0.00
"Dec 06, 2020","Dec 06, 2020",Not grouped,USD,Advertise Catalog_ONB 10-23-2019 21ea,nosh - Kitchen,knife guard,BROAD,8 knife guard,17,1,5.8824%,$0.42,$0.42,$5.99,7.0117%,14.26,1,1,100.0000%,0,1,$0.00,$5.99
"Nov 26, 2020","Nov 26, 2020",Not grouped,USD,Advertise Catalog_ONB 10-23-2019 21ea,nosh - Kitchen,knife guard,BROAD,8in knife guard,11,1,9.0909%,$0.46,$0.46,$0.00,,0,0,0,0.0000%,0,0,$0.00,$0.00
"Nov 19, 2020","Nov 19, 2020",Not grouped,USD,Advertise Catalog_ONB 10-23-2019 21ea,nosh - Kitchen,knife guard,BROAD,8inch knife guard,15,1,6.6667%,$0.55,$0.55,$0.00,,0,0,0,0.0000%,0,0,$0.00,$0.00
"Dec 08, 2020","Dec 08, 2020",Not grouped,USD,Advertise Catalog_ONB 10-23-2019 21ea,nosh - Kitchen,knife guard,BROAD,8” knife guard,190,1,0.5263%,$0.33,$0.33,$0.00,,0,0,0,0.0000%,0,0,$0.00,$0.00
"Dec 13, 2020","Dec 13, 2020",Not grouped,USD,Advertise Catalog_ONB 10-23-2019 21ea,nosh - Kitchen,knife guard,BROAD,9 inch knife guard,1,1,100.0000%,$0.54,$0.54,$0.00,,0,0,0,0.0000%,0,0,$0.00,$0.00
"Nov 24, 2020","Nov 24, 2020",Not grouped,USD,Advertise Catalog_ONB 10-23-2019 21ea,nosh - Kitchen,knife guard,BROAD,9 knife guard,2,1,50.0000%,$0.48,$0.48,$0.00,,0,0,0,0.0000%,0,0,$0.00,$0.00
"Nov 18, 2020","Dec 14, 2020",Not grouped,USD,Advertise Catalog_ONB 10-23-2019 21ea,nosh - Kitchen,knife guard,BROAD,bladesafe knife guards,132,8,6.0606%,$0.50,$3.99,$0.00,,0,0,0,0.0000%,0,0,$0.00,$0.00
"Nov 20, 2020","Nov 20, 2020",Not grouped,USD,Advertise Catalog_ONB 10-23-2019 21ea,nosh - Kitchen,knife guard,BROAD,brass knife guard,7,1,14.2857%,$0.48,$0.48,$0.00,,0,0,0,0.0000%,0,0,$0.00,$0.00
"Nov 21, 2020","Nov 21, 2020",Not grouped,USD,Advertise Catalog_ONB 10-23-2019 21ea,nosh - Kitchen,knife guard,BROAD,bread knife guard,12,1,8.3333%,$0.35,$0.35,$0.00,,0,0,0,0.0000%,0,0,$0.00,$0.00
"Nov 21, 2020","Nov 21, 2020",Not grouped,USD,Advertise Catalog_ONB 10-23-2019 21ea,nosh - Kitchen,knife guard,BROAD,butcher knife plastic guard,1,1,100.0000%,$0.45,$0.45,$0.00,,0,0,0,0.0000%,0,0,$0.00,$0.00
"Dec 02, 2020","Dec 02, 2020",Not grouped,USD,Advertise Catalog_ONB 10-23-2019 21ea,nosh - Kitchen,knife guard,BROAD,cangshan knife guard,7,1,14.2857%,$0.46,$0.46,$0.00,,0,0,0,0.0000%,0,0,$0.00,$0.00
"Dec 05, 2020","Dec 05, 2020",Not grouped,USD,Advertise Catalog_ONB 10-23-2019 21ea,nosh - Kitchen,knife guard,BROAD,chef knife guard,10,1,10.0000%,$0.35,$0.35,$0.00,,0,0,0,0.0000%,0,0,$0.00,$0.00
"Nov 25, 2020","Dec 13, 2020",Not grouped,USD,Advertise Catalog_ONB 10-23-2019 21ea,nosh - Kitchen,knife guard,BROAD,chef knife guards,53,3,5.6604%,$0.50,$1.49,$0.00,,0,0,0,0.0000%,0,0,$0.00,$0.00
"Dec 01, 2020","Dec 16, 2020",Not grouped,USD,Advertise Catalog_ONB 10-23-2019 21ea,nosh - Kitchen,knife guard,BROAD,chefs knife guard,467,4,0.8565%,$0.54,$2.16,$0.00,,0,0,0,0.0000%,0,0,$0.00,$0.00
"Dec 04, 2020","Dec 04, 2020",Not grouped,USD,Advertise Catalog_ONB 10-23-2019 21ea,nosh - Kitchen,knife guard,BROAD,chroma knife guard,2,1,50.0000%,$0.79,$0.79,$0.00,,0,0,0,0.0000%,0,0,$0.00,$0.00
"Nov 27, 2020","Nov 27, 2020",Not grouped,USD,Advertise Catalog_ONB 10-23-2019 21ea,nosh - Kitchen,knife guard,BROAD,cooking knife guard,4,1,25.0000%,$0.70,$0.70,$0.00,,0,0,0,0.0000%,0,0,$0.00,$0.00
"Nov 30, 2020","Nov 30, 2020",Not grouped,USD,Advertise Catalog_ONB 10-23-2019 21ea,nosh - Kitchen,knife guard,BROAD,culinary knife guard,121,2,1.6529%,$0.61,$1.22,$0.00,,0,0,0,0.0000%,0,0,$0.00,$0.00
"Nov 22, 2020","Nov 22, 2020",Not grouped,USD,Advertise Catalog_ONB 10-23-2019 21ea,nosh - Kitchen,knife guard,BROAD,culinary knife guards,2,1,50.0000%,$0.59,$0.59,$0.00,,0,0,0,0.0000%,0,0,$0.00,$0.00
"Nov 29, 2020","Nov 29, 2020",Not grouped,USD,Advertise Catalog_ONB 10-23-2019 21ea,nosh - Kitchen,knife guard,BROAD,dexter knife guard,4,1,25.0000%,$0.68,$0.68,$12.99,5.2348%,19.1,1,1,100.0000%,1,0,$12.99,$0.00
"Nov 21, 2020","Nov 21, 2020",Not grouped,USD,Advertise Catalog_ONB 10-23-2019 21ea,nosh - Kitchen,knife guard,BROAD,ergo knife guard,29,1,3.4483%,$0.44,$0.44,$0.00,,0,0,0,0.0000%,0,0,$0.00,$0.00
"Dec 16, 2020","Dec 16, 2020",Not grouped,USD,Advertise Catalog_ONB 10-23-2019 21ea,nosh - Kitchen,knife guard,BROAD,felt knife guard,89,1,1.1236%,$0.92,$0.92,$0.00,,0,0,0,0.0000%,0,0,$0.00,$0.00
"Nov 30, 2020","Nov 30, 2020",Not grouped,USD,Advertise Catalog_ONB 10-23-2019 21ea,nosh - Kitchen,knife guard,BROAD,fillet knife guard,2,1,50.0000%,$0.94,$0.94,$0.00,,0,0,0,0.0000%,0,0,$0.00,$0.00
"Nov 18, 2020","Dec 04, 2020",Not grouped,USD,Advertise Catalog_ONB 10-23-2019 21ea,nosh - Kitchen,knife guard,BROAD,global knife guard,102,6,5.8824%,$0.61,$3.65,$0.00,,0,0,0,0.0000%,0,0,$0.00,$0.00
"Dec 07, 2020","Dec 07, 2020",Not grouped,USD,Advertise Catalog_ONB 10-23-2019 21ea,nosh - Kitchen,knife guard,BROAD,global knife guards,1,1,100.0000%,$0.56,$0.56,$0.00,,0,0,0,0.0000%,0,0,$0.00,$0.00
"Dec 08, 2020","Dec 08, 2020",Not grouped,USD,Advertise Catalog_ONB 10-23-2019 21ea,nosh - Kitchen,knife guard,BROAD,global universal knife guard,1,1,100.0000%,$0.60,$0.60,$0.00,,0,0,0,0.0000%,0,0,$0.00,$0.00
"Dec 07, 2020","Dec 07, 2020",Not grouped,USD,Advertise Catalog_ONB 10-23-2019 21ea,nosh - Kitchen,knife guard,BROAD,hangable knife guard,2,1,50.0000%,$0.60,$0.60,$0.00,,0,0,0,0.0000%,0,0,$0.00,$0.00
"Nov 28, 2020","Nov 29, 2020",Not grouped,USD,Advertise Catalog_ONB 10-23-2019 21ea,nosh - Kitchen,knife guard,BROAD,henckels knife guard,10,2,20.0000%,$0.53,$1.06,$0.00,,0,0,0,0.0000%,0,0,$0.00,$0.00
"Dec 02, 2020","Dec 03, 2020",Not grouped,USD,Advertise Catalog_ONB 10-23-2019 21ea,nosh - Kitchen,knife guard,BROAD,kitchen knife guard,97,3,3.0928%,$0.50,$1.51,$12.99,11.6243%,8.6,1,1,33.3333%,1,0,$12.99,$0.00
"Dec 06, 2020","Dec 06, 2020",Not grouped,USD,Advertise Catalog_ONB 10-23-2019 21ea,nosh - Kitchen,knife guard,BROAD,kitchen knife guard set,2,1,50.0000%,$0.39,$0.39,$0.00,,0,0,0,0.0000%,0,0,$0.00,$0.00
"Nov 16, 2020","Dec 16, 2020",Not grouped,USD,Advertise Catalog_ONB 10-23-2019 21ea,nosh - Kitchen,knife guard,BROAD,knife edge guard,465,15,3.2258%,$0.52,$7.81,$25.98,30.0616%,3.33,1,2,6.6667%,2,0,$25.98,$0.00
"Nov 16, 2020","Nov 16, 2020",Not grouped,USD,Advertise Catalog_ONB 10-23-2019 21ea,nosh - Kitchen,knife guard,BROAD,knife edge guard for kitchen knives,1,1,100.0000%,$0.51,$0.51,$0.00,,0,0,0,0.0000%,0,0,$0.00,$0.00
"Dec 16, 2020","Dec 16, 2020",Not grouped,USD,Advertise Catalog_ONB 10-23-2019 21ea,nosh - Kitchen,knife guard,BROAD,knife edge guards,5,2,40.0000%,$0.57,$1.14,$0.00,,0,0,0,0.0000%,0,0,$0.00,$0.00
"Nov 18, 2020","Dec 16, 2020",Not grouped,USD,Advertise Catalog_ONB 10-23-2019 21ea,nosh - Kitchen,knife guard,BROAD,knife guard,8191,61,0.7447%,$0.57,$34.96,$170.87,20.4600%,4.89,12,13,19.6721%,12,1,$155.88,$14.99
"Nov 17, 2020","Nov 17, 2020",Not grouped,USD,Advertise Catalog_ONB 10-23-2019 21ea,nosh - Kitchen,knife guard,BROAD,knife guard 10,14,1,7.1429%,$0.50,$0.50,$0.00,,0,0,0,0.0000%,0,0,$0.00,$0.00
"Nov 24, 2020","Nov 28, 2020",Not grouped,USD,Advertise Catalog_ONB 10-23-2019 21ea,nosh - Kitchen,knife guard,BROAD,knife guard 10 inch,72,2,2.7778%,$0.58,$1.16,$0.00,,0,0,0,0.0000%,0,0,$0.00,$0.00
"Dec 02, 2020","Dec 02, 2020",Not grouped,USD,Advertise Catalog_ONB 10-23-2019 21ea,nosh - Kitchen,knife guard,BROAD,knife guard 3 inch,8,1,12.5000%,$0.94,$0.94,$0.00,,0,0,0,0.0000%,0,0,$0.00,$0.00
"Nov 21, 2020","Nov 21, 2020",Not grouped,USD,Advertise Catalog_ONB 10-23-2019 21ea,nosh - Kitchen,knife guard,BROAD,knife guard 3 set,1,1,100.0000%,$0.53,$0.53,$0.00,,0,0,0,0.0000%,0,0,$0.00,$0.00
"Nov 19, 2020","Dec 12, 2020",Not grouped,USD,Advertise Catalog_ONB 10-23-2019 21ea,nosh - Kitchen,knife guard,BROAD,knife guard 6 inch,11,3,27.2727%,$0.50,$1.49,$0.00,,0,0,0,0.0000%,0,0,$0.00,$0.00
"Dec 05, 2020","Dec 13, 2020",Not grouped,USD,Advertise Catalog_ONB 10-23-2019 21ea,nosh - Kitchen,knife guard,BROAD,knife guard 6”,64,2,3.1250%,$0.57,$1.14,$12.99,8.7760%,11.39,1,1,50.0000%,1,0,$12.99,$0.00
"Nov 21, 2020","Nov 28, 2020",Not grouped,USD,Advertise Catalog_ONB 10-23-2019 21ea,nosh - Kitchen,knife guard,BROAD,knife guard 8,534,2,0.3745%,$0.67,$1.33,$0.00,,0,0,0,0.0000%,0,0,$0.00,$0.00
"Dec 06, 2020","Dec 06, 2020",Not grouped,USD,Advertise Catalog_ONB 10-23-2019 21ea,nosh - Kitchen,knife guard,BROAD,knife guard 8 in,29,1,3.4483%,$0.45,$0.45,$0.00,,0,0,0,0.0000%,0,0,$0.00,$0.00
"Nov 16, 2020","Dec 16, 2020",Not grouped,USD,Advertise Catalog_ONB 10-23-2019 21ea,nosh - Kitchen,knife guard,BROAD,knife guard 8 inch,85,5,5.8824%,$0.61,$3.04,$0.00,,0,0,0,0.0000%,0,0,$0.00,$0.00
"Nov 23, 2020","Nov 23, 2020",Not grouped,USD,Advertise Catalog_ONB 10-23-2019 21ea,nosh - Kitchen,knife guard,BROAD,knife guard 8.5 inch,40,1,2.5000%,$0.53,$0.53,$0.00,,0,0,0,0.0000%,0,0,$0.00,$0.00
"Nov 26, 2020","Nov 26, 2020",Not grouped,USD,Advertise Catalog_ONB 10-23-2019 21ea,nosh - Kitchen,knife guard,BROAD,knife guard 9 inch,3,1,33.3333%,$0.70,$0.70,$12.99,5.3888%,18.56,1,1,100.0000%,1,0,$12.99,$0.00
"Dec 03, 2020","Dec 03, 2020",Not grouped,USD,Advertise Catalog_ONB 10-23-2019 21ea,nosh - Kitchen,knife guard,BROAD,knife guard bladesafe,34,1,2.9412%,$0.48,$0.48,$0.00,,0,0,0,0.0000%,0,0,$0.00,$0.00
"Nov 25, 2020","Nov 25, 2020",Not grouped,USD,Advertise Catalog_ONB 10-23-2019 21ea,nosh - Kitchen,knife guard,BROAD,knife guard cleaver,1,1,100.0000%,$0.47,$0.47,$0.00,,0,0,0,0.0000%,0,0,$0.00,$0.00
"Nov 17, 2020","Nov 17, 2020",Not grouped,USD,Advertise Catalog_ONB 10-23-2019 21ea,nosh - Kitchen,knife guard,BROAD,knife guard for 3'' to 4'',2,1,50.0000%,$0.70,$0.70,$0.00,,0,0,0,0.0000%,0,0,$0.00,$0.00
"Nov 25, 2020","Nov 25, 2020",Not grouped,USD,Advertise Catalog_ONB 10-23-2019 21ea,nosh - Kitchen,knife guard,BROAD,knife guard for a carving knife,1,1,100.0000%,$0.70,$0.70,$0.00,,0,0,0,0.0000%,0,0,$0.00,$0.00
"Nov 21, 2020","Nov 21, 2020",Not grouped,USD,Advertise Catalog_ONB 10-23-2019 21ea,nosh - Kitchen,knife guard,BROAD,knife guard for finger,1,1,100.0000%,$0.63,$0.63,$0.00,,0,0,0,0.0000%,0,0,$0.00,$0.00
"Nov 26, 2020","Nov 26, 2020",Not grouped,USD,Advertise Catalog_ONB 10-23-2019 21ea,nosh - Kitchen,knife guard,BROAD,knife guard for fingers,1,1,100.0000%,$0.66,$0.66,$0.00,,0,0,0,0.0000%,0,0,$0.00,$0.00
"Dec 06, 2020","Dec 06, 2020",Not grouped,USD,Advertise Catalog_ONB 10-23-2019 21ea,nosh - Kitchen,knife guard,BROAD,knife guard for kids,3,1,33.3333%,$0.49,$0.49,$0.00,,0,0,0,0.0000%,0,0,$0.00,$0.00
"Nov 23, 2020","Nov 26, 2020",Not grouped,USD,Advertise Catalog_ONB 10-23-2019 21ea,nosh - Kitchen,knife guard,BROAD,knife guard m33112p,178,4,2.2472%,$0.59,$2.36,$0.00,,0,0,0,0.0000%,0,0,$0.00,$0.00
"Nov 22, 2020","Dec 01, 2020",Not grouped,USD,Advertise Catalog_ONB 10-23-2019 21ea,nosh - Kitchen,knife guard,BROAD,knife guard mercer,105,3,2.8571%,$0.42,$1.25,$0.00,,0,0,0,0.0000%,0,0,$0.00,$0.00
"Dec 08, 2020","Dec 08, 2020",Not grouped,USD,Advertise Catalog_ONB 10-23-2019 21ea,nosh - Kitchen,knife guard,BROAD,knife guard paring,6,1,16.6667%,$0.69,$0.69,$0.00,,0,0,0,0.0000%,0,0,$0.00,$0.00
"Nov 17, 2020","Nov 19, 2020",Not grouped,USD,Advertise Catalog_ONB 10-23-2019 21ea,nosh - Kitchen,knife guard,BROAD,knife guard paring knife,105,2,1.9048%,$0.59,$1.18,$0.00,,0,0,0,0.0000%,0,0,$0.00,$0.00
"Nov 16, 2020","Dec 07, 2020",Not grouped,USD,Advertise Catalog_ONB 10-23-2019 21ea,nosh - Kitchen,knife guard,BROAD,knife guard pink,2,2,100.0000%,$0.50,$0.99,$0.00,,0,0,0,0.0000%,0,0,$0.00,$0.00
"Nov 19, 2020","Nov 27, 2020",Not grouped,USD,Advertise Catalog_ONB 10-23-2019 21ea,nosh - Kitchen,knife guard,BROAD,knife guard set,251,3,1.1952%,$0.53,$1.58,$0.00,,0,0,0,0.0000%,0,0,$0.00,$0.00
"Nov 19, 2020","Nov 19, 2020",Not grouped,USD,Advertise Catalog_ONB 10-23-2019 21ea,nosh - Kitchen,knife guard,BROAD,knife guard sets,44,1,2.2727%,$0.53,$0.53,$0.00,,0,0,0,0.0000%,0,0,$0.00,$0.00
"Dec 14, 2020","Dec 14, 2020",Not grouped,USD,Advertise Catalog_ONB 10-23-2019 21ea,nosh - Kitchen,knife guard,BROAD,knife guard sheath,13,1,7.6923%,$0.50,$0.50,$0.00,,0,0,0,0.0000%,0,0,$0.00,$0.00
"Nov 17, 2020","Dec 04, 2020",Not grouped,USD,Advertise Catalog_ONB 10-23-2019 21ea,nosh - Kitchen,knife guard,BROAD,knife guard wood,4,2,50.0000%,$0.51,$1.02,$0.00,,0,0,0,0.0000%,0,0,$0.00,$0.00
"Nov 18, 2020","Dec 16, 2020",Not grouped,USD,Advertise Catalog_ONB 10-23-2019 21ea,nosh - Kitchen,knife guard,BROAD,knife guards,173,2,1.1561%,$0.50,$0.99,$0.00,,0,0,0,0.0000%,0,0,$0.00,$0.00
"Nov 16, 2020","Nov 16, 2020",Not grouped,USD,Advertise Catalog_ONB 10-23-2019 21ea,nosh - Kitchen,knife guard,BROAD,knife guards 6,103,1,0.9709%,$0.69,$0.69,$0.00,,0,0,0,0.0000%,0,0,$0.00,$0.00
"Dec 07, 2020","Dec 07, 2020",Not grouped,USD,Advertise Catalog_ONB 10-23-2019 21ea,nosh - Kitchen,knife guard,BROAD,knife guards chef knife,76,2,2.6316%,$0.34,$0.67,$0.00,,0,0,0,0.0000%,0,0,$0.00,$0.00
"Dec 05, 2020","Dec 05, 2020",Not grouped,USD,Advertise Catalog_ONB 10-23-2019 21ea,nosh - Kitchen,knife guard,BROAD,knife guards magnetic,1,1,100.0000%,$0.69,$0.69,$0.00,,0,0,0,0.0000%,0,0,$0.00,$0.00
"Nov 24, 2020","Nov 24, 2020",Not grouped,USD,Advertise Catalog_ONB 10-23-2019 21ea,nosh - Kitchen,knife guard,BROAD,knife guards messermeister,26,1,3.8462%,$0.50,$0.50,$0.00,,0,0,0,0.0000%,0,0,$0.00,$0.00
"Dec 03, 2020","Dec 06, 2020",Not grouped,USD,Advertise Catalog_ONB 10-23-2019 21ea,nosh - Kitchen,knife guard,BROAD,knife protector guard,88,2,2.2727%,$0.47,$0.94,$0.00,,0,0,0,0.0000%,0,0,$0.00,$0.00
"Nov 22, 2020","Dec 15, 2020",Not grouped,USD,Advertise Catalog_ONB 10-23-2019 21ea,nosh - Kitchen,knife guard,BROAD,knife shield guard,79,4,5.0633%,$0.44,$1.74,$0.00,,0,0,0,0.0000%,0,0,$0.00,$0.00
"Nov 28, 2020","Nov 28, 2020",Not grouped,USD,Advertise Catalog_ONB 10-23-2019 21ea,nosh - Kitchen,knife guard,BROAD,knife sleeves   guards,36,1,2.7778%,$0.23,$0.23,$0.00,,0,0,0,0.0000%,0,0,$0.00,$0.00
"Nov 28, 2020","Dec 14, 2020",Not grouped,USD,Advertise Catalog_ONB 10-23-2019 21ea,nosh - Kitchen,knife guard,BROAD,knife sleeves & guards,75,4,5.3333%,$0.51,$2.03,$0.00,,0,0,0,0.0000%,0,0,$0.00,$0.00
"Dec 01, 2020","Dec 01, 2020",Not grouped,USD,Advertise Catalog_ONB 10-23-2019 21ea,nosh - Kitchen,knife guard,BROAD,knife-guard,5,1,20.0000%,$0.62,$0.62,$0.00,,0,0,0,0.0000%,0,0,$0.00,$0.00
"Dec 07, 2020","Dec 11, 2020",Not grouped,USD,Advertise Catalog_ONB 10-23-2019 21ea,nosh - Kitchen,knife guard,BROAD,knives guard,312,3,0.9615%,$0.46,$1.39,$0.00,,0,0,0,0.0000%,0,0,$0.00,$0.00
"Dec 10, 2020","Dec 10, 2020",Not grouped,USD,Advertise Catalog_ONB 10-23-2019 21ea,nosh - Kitchen,knife guard,BROAD,mac knife guard,26,1,3.8462%,$0.53,$0.53,$0.00,,0,0,0,0.0000%,0,0,$0.00,$0.00
"Dec 02, 2020","Dec 02, 2020",Not grouped,USD,Advertise Catalog_ONB 10-23-2019 21ea,nosh - Kitchen,knife guard,BROAD,magnetic knife guard,2,1,50.0000%,$0.70,$0.70,$0.00,,0,0,0,0.0000%,0,0,$0.00,$0.00
"Nov 20, 2020","Nov 20, 2020",Not grouped,USD,Advertise Catalog_ONB 10-23-2019 21ea,nosh - Kitchen,knife guard,BROAD,mercer 14 inch knife guard,4,1,25.0000%,$0.46,$0.46,$0.00,,0,0,0,0.0000%,0,0,$0.00,$0.00
"Nov 20, 2020","Nov 25, 2020",Not grouped,USD,Advertise Catalog_ONB 10-23-2019 21ea,nosh - Kitchen,knife guard,BROAD,mercer culinary knife guard,182,3,1.6484%,$0.57,$1.71,$18.98,9.0095%,11.1,2,2,66.6667%,1,1,$12.99,$5.99
"Nov 17, 2020","Nov 17, 2020",Not grouped,USD,Advertise Catalog_ONB 10-23-2019 21ea,nosh - Kitchen,knife guard,BROAD,mercer culinary knife guards,7,1,14.2857%,$0.65,$0.65,$0.00,,0,0,0,0.0000%,0,0,$0.00,$0.00
"Nov 26, 2020","Nov 26, 2020",Not grouped,USD,Advertise Catalog_ONB 10-23-2019 21ea,nosh - Kitchen,knife guard,BROAD,mercer culinary ultimate 7-inch fillet knife guard,1,1,100.0000%,$0.63,$0.63,$0.00,,0,0,0,0.0000%,0,0,$0.00,$0.00
"Nov 25, 2020","Dec 11, 2020",Not grouped,USD,Advertise Catalog_ONB 10-23-2019 21ea,nosh - Kitchen,knife guard,BROAD,mercer knife guard,66,2,3.0303%,$0.38,$0.75,$0.00,,0,0,0,0.0000%,0,0,$0.00,$0.00
"Nov 19, 2020","Nov 19, 2020",Not grouped,USD,Advertise Catalog_ONB 10-23-2019 21ea,nosh - Kitchen,knife guard,BROAD,mercer santoku knife guard,128,1,0.7813%,$0.64,$0.64,$0.00,,0,0,0,0.0000%,0,0,$0.00,$0.00
"Dec 07, 2020","Dec 09, 2020",Not grouped,USD,Advertise Catalog_ONB 10-23-2019 21ea,nosh - Kitchen,knife guard,BROAD,mundial knife guards,99,2,2.0202%,$0.47,$0.93,$12.99,7.1594%,13.97,1,1,50.0000%,1,0,$12.99,$0.00
"Nov 16, 2020","Nov 16, 2020",Not grouped,USD,Advertise Catalog_ONB 10-23-2019 21ea,nosh - Kitchen,knife guard,BROAD,noble knife guards,55,1,1.8182%,$0.64,$0.64,$0.00,,0,0,0,0.0000%,0,0,$0.00,$0.00
"Nov 29, 2020","Nov 29, 2020",Not grouped,USD,Advertise Catalog_ONB 10-23-2019 21ea,nosh - Kitchen,knife guard,BROAD,nosh knife guard,6,1,16.6667%,$0.94,$0.94,$19.49,4.8230%,20.73,1,1,100.0000%,0,1,$0.00,$19.49
"Nov 17, 2020","Nov 17, 2020",Not grouped,USD,Advertise Catalog_ONB 10-23-2019 21ea,nosh - Kitchen,knife guard,BROAD,plastic knife guard,17,1,5.8824%,$0.64,$0.64,$0.00,,0,0,0,0.0000%,0,0,$0.00,$0.00
"Dec 08, 2020","Dec 08, 2020",Not grouped,USD,Advertise Catalog_ONB 10-23-2019 21ea,nosh - Kitchen,knife guard,BROAD,protector guards for small paring knives,3,1,33.3333%,$0.78,$0.78,$0.00,,0,0,0,0.0000%,0,0,$0.00,$0.00
"Nov 26, 2020","Nov 26, 2020",Not grouped,USD,Advertise Catalog_ONB 10-23-2019 21ea,nosh - Kitchen,knife guard,BROAD,santoku knife guard 7 inch,5,1,20.0000%,$0.62,$0.62,$0.00,,0,0,0,0.0000%,0,0,$0.00,$0.00
"Nov 20, 2020","Nov 20, 2020",Not grouped,USD,Advertise Catalog_ONB 10-23-2019 21ea,nosh - Kitchen,knife guard,BROAD,sebastian conran carving knife guards,1,1,100.0000%,$0.52,$0.52,$0.00,,0,0,0,0.0000%,0,0,$0.00,$0.00
"Dec 09, 2020","Dec 09, 2020",Not grouped,USD,Advertise Catalog_ONB 10-23-2019 21ea,nosh - Kitchen,knife guard,BROAD,shun knife guard,46,1,2.1739%,$0.23,$0.23,$0.00,,0,0,0,0.0000%,0,0,$0.00,$0.00
"Dec 14, 2020","Dec 14, 2020",Not grouped,USD,Advertise Catalog_ONB 10-23-2019 21ea,nosh - Kitchen,knife guard,BROAD,shun knife guards,4,1,25.0000%,$0.54,$0.54,$0.00,,0,0,0,0.0000%,0,0,$0.00,$0.00
"Dec 09, 2020","Dec 09, 2020",Not grouped,USD,Advertise Catalog_ONB 10-23-2019 21ea,nosh - Kitchen,knife guard,BROAD,sixilang 3 piece knife guards,3,1,33.3333%,$0.46,$0.46,$0.00,,0,0,0,0.0000%,0,0,$0.00,$0.00
"Nov 18, 2020","Nov 18, 2020",Not grouped,USD,Advertise Catalog_ONB 10-23-2019 21ea,nosh - Kitchen,knife guard,BROAD,small knife guard,3,1,33.3333%,$0.52,$0.52,$12.99,4.0031%,24.98,1,1,100.0000%,1,0,$12.99,$0.00
"Nov 19, 2020","Nov 19, 2020",Not grouped,USD,Advertise Catalog_ONB 10-23-2019 21ea,nosh - Kitchen,knife guard,BROAD,tanto knife guard,2,1,50.0000%,$0.27,$0.27,$0.00,,0,0,0,0.0000%,0,0,$0.00,$0.00
"Dec 05, 2020","Dec 05, 2020",Not grouped,USD,Advertise Catalog_ONB 10-23-2019 21ea,nosh - Kitchen,knife guard,BROAD,turquoise universal knife guards,2,1,50.0000%,$0.58,$0.58,$0.00,,0,0,0,0.0000%,0,0,$0.00,$0.00
"Nov 16, 2020","Nov 16, 2020",Not grouped,USD,Advertise Catalog_ONB 10-23-2019 21ea,nosh - Kitchen,knife guard,BROAD,universal guard knife,2,1,50.0000%,$0.38,$0.38,$0.00,,0,0,0,0.0000%,0,0,$0.00,$0.00
"Nov 23, 2020","Nov 28, 2020",Not grouped,USD,Advertise Catalog_ONB 10-23-2019 21ea,nosh - Kitchen,knife guard,BROAD,universal knife guard,19,2,10.5263%,$0.58,$1.15,$0.00,,0,0,0,0.0000%,0,0,$0.00,$0.00
"Dec 14, 2020","Dec 14, 2020",Not grouped,USD,Advertise Catalog_ONB 10-23-2019 21ea,nosh - Kitchen,knife guard,BROAD,universal knife guard 8 inch,2,1,50.0000%,$0.47,$0.47,$0.00,,0,0,0,0.0000%,0,0,$0.00,$0.00
"Nov 18, 2020","Nov 18, 2020",Not grouped,USD,Advertise Catalog_ONB 10-23-2019 21ea,nosh - Kitchen,knife guard,BROAD,victorinox knife guard,6,1,16.6667%,$0.56,$0.56,$0.00,,0,0,0,0.0000%,0,0,$0.00,$0.00
"Dec 15, 2020","Dec 15, 2020",Not grouped,USD,Advertise Catalog_ONB 10-23-2019 21ea,nosh - Kitchen,knife guard,BROAD,wood knife guard,3,2,66.6667%,$0.51,$1.01,$5.99,16.8614%,5.93,1,1,50.0000%,0,1,$0.00,$5.99
"Nov 22, 2020","Dec 10, 2020",Not grouped,USD,Advertise Catalog_ONB 10-23-2019 21ea,nosh - Kitchen,knife guard,BROAD,wusthof knife guard,81,3,3.7037%,$0.46,$1.38,$0.00,,0,0,0,0.0000%,0,0,$0.00,$0.00
"Nov 30, 2020","Nov 30, 2020",Not grouped,USD,Advertise Catalog_ONB 10-23-2019 21ea,nosh - Kitchen,knife guard,BROAD,wustof knife guards,59,1,1.6949%,$0.70,$0.70,$0.00,,0,0,0,0.0000%,0,0,$0.00,$0.00
"Dec 07, 2020","Dec 07, 2020",Not grouped,USD,Advertise Catalog_ONB 10-23-2019 21ea,nosh - Kitchen,knife guard,BROAD,yanagiba knife guard,2,1,50.0000%,$0.47,$0.47,$0.00,,0,0,0,0.0000%,0,0,$0.00,$0.00
"Nov 28, 2020","Nov 28, 2020",Not grouped,USD,Advertise Catalog_ONB 10-23-2019 21ea,nosh - Kitchen,knife guard,BROAD,“16” knife guard,6,1,16.6667%,$0.65,$0.65,$0.00,,0,0,0,0.0000%,0,0,$0.00,$0.00
"Nov 25, 2020","Nov 25, 2020",Not grouped,USD,Advertise Catalog_ONB 10-23-2019 21ea,nosh - Kitchen,knife protector,BROAD,6 inch knife protector,41,1,2.4390%,$0.47,$0.47,$0.00,,0,0,0,0.0000%,0,0,$0.00,$0.00
"Dec 07, 2020","Dec 07, 2020",Not grouped,USD,Advertise Catalog_ONB 10-23-2019 21ea,nosh - Kitchen,knife protector,BROAD,chefs knife protector,3,1,33.3333%,$0.19,$0.19,$0.00,,0,0,0,0.0000%,0,0,$0.00,$0.00
"Nov 29, 2020","Nov 29, 2020",Not grouped,USD,Advertise Catalog_ONB 10-23-2019 21ea,nosh - Kitchen,knife protector,BROAD,cleaver knife protector,3,1,33.3333%,$0.32,$0.32,$0.00,,0,0,0,0.0000%,0,0,$0.00,$0.00
"Nov 16, 2020","Dec 10, 2020",Not grouped,USD,Advertise Catalog_ONB 10-23-2019 21ea,nosh - Kitchen,knife protector,BROAD,edge protector knife,23,2,8.6957%,$0.41,$0.82,$12.99,6.3125%,15.84,1,1,50.0000%,1,0,$12.99,$0.00
"Dec 08, 2020","Dec 08, 2020",Not grouped,USD,Advertise Catalog_ONB 10-23-2019 21ea,nosh - Kitchen,knife protector,BROAD,ergo knife protector,5,1,20.0000%,$0.59,$0.59,$0.00,,0,0,0,0.0000%,0,0,$0.00,$0.00
"Nov 18, 2020","Nov 18, 2020",Not grouped,USD,Advertise Catalog_ONB 10-23-2019 21ea,nosh - Kitchen,knife protector,BROAD,"knife cases, holders & protectors",11,1,9.0909%,$0.59,$0.59,$0.00,,0,0,0,0.0000%,0,0,$0.00,$0.00
"Nov 29, 2020","Nov 29, 2020",Not grouped,USD,Advertise Catalog_ONB 10-23-2019 21ea,nosh - Kitchen,knife protector,BROAD,knife cover protector,13,1,7.6923%,$0.40,$0.40,$0.00,,0,0,0,0.0000%,0,0,$0.00,$0.00
"Nov 19, 2020","Dec 15, 2020",Not grouped,USD,Advertise Catalog_ONB 10-23-2019 21ea,nosh - Kitchen,knife protector,BROAD,knife edge protector,37,2,5.4054%,$0.43,$0.86,$0.00,,0,0,0,0.0000%,0,0,$0.00,$0.00
"Dec 03, 2020","Dec 03, 2020",Not grouped,USD,Advertise Catalog_ONB 10-23-2019 21ea,nosh - Kitchen,knife protector,BROAD,knife edge protectors,1,1,100.0000%,$0.53,$0.53,$0.00,,0,0,0,0.0000%,0,0,$0.00,$0.00
"Nov 17, 2020","Dec 15, 2020",Not grouped,USD,Advertise Catalog_ONB 10-23-2019 21ea,nosh - Kitchen,knife protector,BROAD,knife protector,736,15,2.0380%,$0.51,$7.70,$38.97,19.7588%,5.06,2,3,13.3333%,3,0,$38.97,$0.00
"Nov 22, 2020","Nov 22, 2020",Not grouped,USD,Advertise Catalog_ONB 10-23-2019 21ea,nosh - Kitchen,knife protector,BROAD,knife protector 10 inch,2,1,50.0000%,$0.39,$0.39,$0.00,,0,0,0,0.0000%,0,0,$0.00,$0.00
"Nov 19, 2020","Nov 19, 2020",Not grouped,USD,Advertise Catalog_ONB 10-23-2019 21ea,nosh - Kitchen,knife protector,BROAD,knife protector 5.5 inch,24,1,4.1667%,$0.54,$0.54,$0.00,,0,0,0,0.0000%,0,0,$0.00,$0.00
"Nov 29, 2020","Dec 08, 2020",Not grouped,USD,Advertise Catalog_ONB 10-23-2019 21ea,nosh - Kitchen,knife protector,BROAD,knife protector sleeve,245,2,0.8163%,$0.53,$1.06,$0.00,,0,0,0,0.0000%,0,0,$0.00,$0.00
"Nov 23, 2020","Dec 12, 2020",Not grouped,USD,Advertise Catalog_ONB 10-23-2019 21ea,nosh - Kitchen,knife protector,BROAD,knife protectors,32,2,6.2500%,$0.38,$0.76,$0.00,,0,0,0,0.0000%,0,0,$0.00,$0.00
"Dec 14, 2020","Dec 14, 2020",Not grouped,USD,Advertise Catalog_ONB 10-23-2019 21ea,nosh - Kitchen,knife protector,BROAD,knife shun protector,1,1,100.0000%,$0.38,$0.38,$0.00,,0,0,0,0.0000%,0,0,$0.00,$0.00
"Dec 13, 2020","Dec 13, 2020",Not grouped,USD,Advertise Catalog_ONB 10-23-2019 21ea,nosh - Kitchen,knife protector,BROAD,knife tip protector,5,1,20.0000%,$0.39,$0.39,$0.00,,0,0,0,0.0000%,0,0,$0.00,$0.00
"Nov 22, 2020","Nov 22, 2020",Not grouped,USD,Advertise Catalog_ONB 10-23-2019 21ea,nosh - Kitchen,knife protector,BROAD,knives protector,4,1,25.0000%,$0.21,$0.21,$0.00,,0,0,0,0.0000%,0,0,$0.00,$0.00
"Dec 09, 2020","Dec 09, 2020",Not grouped,USD,Advertise Catalog_ONB 10-23-2019 21ea,nosh - Kitchen,knife protector,BROAD,mercer knife protector,77,1,1.2987%,$0.60,$0.60,$0.00,,0,0,0,0.0000%,0,0,$0.00,$0.00
"Nov 30, 2020","Nov 30, 2020",Not grouped,USD,Advertise Catalog_ONB 10-23-2019 21ea,nosh - Kitchen,knife protector,BROAD,paring knife protector,2,1,50.0000%,$0.60,$0.60,$0.00,,0,0,0,0.0000%,0,0,$0.00,$0.00
"Dec 06, 2020","Dec 06, 2020",Not grouped,USD,Advertise Catalog_ONB 10-23-2019 21ea,nosh - Kitchen,knife protector,BROAD,plastic knife protector,3,1,33.3333%,$0.46,$0.46,$0.00,,0,0,0,0.0000%,0,0,$0.00,$0.00
"Dec 08, 2020","Dec 08, 2020",Not grouped,USD,Advertise Catalog_ONB 10-23-2019 21ea,nosh - Kitchen,knife protector,BROAD,protectors for 3 in. paring knives,3,1,33.3333%,$0.49,$0.49,$0.00,,0,0,0,0.0000%,0,0,$0.00,$0.00
"Nov 28, 2020","Dec 15, 2020",Not grouped,USD,Advertise Catalog_ONB 10-23-2019 21ea,nosh - Kitchen,knife protector,BROAD,santoku knife protector,96,2,2.0833%,$0.42,$0.84,$0.00,,0,0,0,0.0000%,0,0,$0.00,$0.00
"Dec 05, 2020","Dec 05, 2020",Not grouped,USD,Advertise Catalog_ONB 10-23-2019 21ea,nosh - Kitchen,knife protector,BROAD,steak knife protector,3,1,33.3333%,$0.46,$0.46,$0.00,,0,0,0,0.0000%,0,0,$0.00,$0.00
"Dec 06, 2020","Dec 06, 2020",Not grouped,USD,Advertise Catalog_ONB 10-23-2019 21ea,nosh - Kitchen,knife protector,BROAD,"victoriavox knife edge protector 12""",1,1,100.0000%,$0.74,$0.74,$0.00,,0,0,0,0.0000%,0,0,$0.00,$0.00
"Nov 28, 2020","Nov 28, 2020",Not grouped,USD,Advertise Catalog_ONB 10-23-2019 21ea,nosh - Kitchen,knife protector,BROAD,victorinox knife protector,5,1,20.0000%,$0.60,$0.60,$0.00,,0,0,0,0.0000%,0,0,$0.00,$0.00
"Nov 23, 2020","Nov 23, 2020",Not grouped,USD,Advertise Catalog_ONB 10-23-2019 21ea,nosh - Kitchen,knife blade cover,BROAD,blade cover knife,1,1,100.0000%,$0.40,$0.40,$12.99,3.0793%,32.48,1,1,100.0000%,1,0,$12.99,$0.00
"Nov 27, 2020","Nov 27, 2020",Not grouped,USD,Advertise Catalog_ONB 10-23-2019 21ea,nosh - Kitchen,knife blade cover,BROAD,carving knife blade cover,1,1,100.0000%,$0.60,$0.60,$0.00,,0,0,0,0.0000%,0,0,$0.00,$0.00
"Nov 22, 2020","Nov 22, 2020",Not grouped,USD,Advertise Catalog_ONB 10-23-2019 21ea,nosh - Kitchen,knife blade cover,BROAD,electric knife blade cover,1,1,100.0000%,$0.32,$0.32,$0.00,,0,0,0,0.0000%,0,0,$0.00,$0.00
"Nov 28, 2020","Nov 28, 2020",Not grouped,USD,Advertise Catalog_ONB 10-23-2019 21ea,nosh - Kitchen,knife blade cover,BROAD,henckels knife blade covers,2,1,50.0000%,$0.36,$0.36,$0.00,,0,0,0,0.0000%,0,0,$0.00,$0.00
"Nov 25, 2020","Dec 14, 2020",Not grouped,USD,Advertise Catalog_ONB 10-23-2019 21ea,nosh - Kitchen,knife blade cover,BROAD,knife blade cover,50,4,8.0000%,$0.43,$1.70,$0.00,,0,0,0,0.0000%,0,0,$0.00,$0.00
"Nov 23, 2020","Nov 23, 2020",Not grouped,USD,Advertise Catalog_ONB 10-23-2019 21ea,nosh - Kitchen,knife blade cover,BROAD,small knife blade cover,1,1,100.0000%,$0.36,$0.36,$0.00,,0,0,0,0.0000%,0,0,$0.00,$0.00
"Nov 19, 2020","Nov 19, 2020",Not grouped,USD,Advertise Catalog_ONB 10-23-2019 21ea,nosh - Kitchen,blade guards kitchen knives,BROAD,kitchen knife blade guard,56,1,1.7857%,$0.66,$0.66,$0.00,,0,0,0,0.0000%,0,0,$0.00,$0.00
"Nov 20, 2020","Nov 20, 2020",Not grouped,USD,Advertise Catalog_ONB 10-23-2019 21ea,nosh - Kitchen,knife protector sleeve,BROAD,kitchen knife protector sleeve,28,2,7.1429%,$0.52,$1.04,$0.00,,0,0,0,0.0000%,0,0,$0.00,$0.00
"Nov 21, 2020","Dec 14, 2020",Not grouped,USD,Advertise Catalog_ONB 10-23-2019 21ea,nosh - Kitchen,knife protector sleeve,BROAD,knife protector sleeve,193,4,2.0725%,$0.67,$2.68,$0.00,,0,0,0,0.0000%,0,0,$0.00,$0.00
"Nov 22, 2020","Nov 22, 2020",Not grouped,USD,Advertise Catalog_ONB 10-23-2019 21ea,nosh - Kitchen,knife protector sleeve,BROAD,schmidt bros knife sleeve protectors,1,1,100.0000%,$0.47,$0.47,$0.00,,0,0,0,0.0000%,0,0,$0.00,$0.00
"Dec 15, 2020","Dec 15, 2020",Not grouped,USD,Advertise Catalog_ONB 10-23-2019 21ea,nosh - Kitchen,blade guard,BROAD,"10"" blade guard",1,1,100.0000%,$0.60,$0.60,$5.99,10.0167%,9.98,1,1,100.0000%,0,1,$0.00,$5.99
"Nov 19, 2020","Nov 19, 2020",Not grouped,USD,Advertise Catalog_ONB 10-23-2019 21ea,nosh - Kitchen,blade guard,BROAD,6 in blade guard,4,1,25.0000%,$0.63,$0.63,$4.99,12.6253%,7.92,1,1,100.0000%,0,1,$0.00,$4.99
"Nov 24, 2020","Nov 28, 2020",Not grouped,USD,Advertise Catalog_ONB 10-23-2019 21ea,nosh - Kitchen,blade guard,BROAD,8” blade guard,91,2,2.1978%,$0.29,$0.58,$0.00,,0,0,0,0.0000%,0,0,$0.00,$0.00
"Nov 30, 2020","Dec 16, 2020",Not grouped,USD,Advertise Catalog_ONB 10-23-2019 21ea,nosh - Kitchen,blade guard,BROAD,blade guard,230,4,1.7391%,$0.56,$2.24,$0.00,,0,0,0,0.0000%,0,0,$0.00,$0.00
"Nov 16, 2020","Nov 16, 2020",Not grouped,USD,Advertise Catalog_ONB 10-23-2019 21ea,nosh - Kitchen,blade guard,BROAD,blade guard 8 inch,28,1,3.5714%,$0.45,$0.45,$0.00,,0,0,0,0.0000%,0,0,$0.00,$0.00
"Nov 24, 2020","Nov 24, 2020",Not grouped,USD,Advertise Catalog_ONB 10-23-2019 21ea,nosh - Kitchen,blade guard,BROAD,blade guard victorinox,49,1,2.0408%,$0.09,$0.09,$0.00,,0,0,0,0.0000%,0,0,$0.00,$0.00
"Dec 13, 2020","Dec 13, 2020",Not grouped,USD,Advertise Catalog_ONB 10-23-2019 21ea,nosh - Kitchen,blade guard,BROAD,blender blade guard,2,1,50.0000%,$0.47,$0.47,$0.00,,0,0,0,0.0000%,0,0,$0.00,$0.00
"Dec 01, 2020","Dec 01, 2020",Not grouped,USD,Advertise Catalog_ONB 10-23-2019 21ea,nosh - Kitchen,blade guard,BROAD,henckels blade guard,1,1,100.0000%,$0.75,$0.75,$0.00,,0,0,0,0.0000%,0,0,$0.00,$0.00
"Dec 04, 2020","Dec 04, 2020",Not grouped,USD,Advertise Catalog_ONB 10-23-2019 21ea,nosh - Kitchen,blade guard,BROAD,magnetic blade guard,5,1,20.0000%,$0.84,$0.84,$0.00,,0,0,0,0.0000%,0,0,$0.00,$0.00
"Dec 15, 2020","Dec 15, 2020",Not grouped,USD,Advertise Catalog_ONB 10-23-2019 21ea,nosh - Kitchen,blade guard,BROAD,nosh blade guard,1,1,100.0000%,$0.79,$0.79,$12.99,6.0816%,16.44,1,1,100.0000%,1,0,$12.99,$0.00
"Nov 27, 2020","Nov 29, 2020",Not grouped,USD,Advertise Catalog_ONB 10-23-2019 21ea,nosh - Kitchen,blade guard,BROAD,victorinox blade guard,8,2,25.0000%,$0.56,$1.11,$0.00,,0,0,0,0.0000%,0,0,$0.00,$0.00
"Dec 16, 2020","Dec 16, 2020",Not grouped,USD,Advertise Catalog_ONB 10-23-2019 21ea,nosh - Kitchen,blade guard,BROAD,wusthof blade guard,24,1,4.1667%,$0.45,$0.45,$0.00,,0,0,0,0.0000%,0,0,$0.00,$0.00
"Nov 19, 2020","Nov 19, 2020",Not grouped,USD,Advertise Catalog_ONB 10-23-2019 21ea,nosh - Kitchen,blade guard,BROAD,wusthof blade guard 8 carver,4,1,25.0000%,$0.59,$0.59,$12.99,4.5420%,22.02,1,1,100.0000%,0,1,$0.00,$12.99
"Nov 24, 2020","Nov 24, 2020",Not grouped,USD,Advertise Catalog_ONB 10-23-2019 21ea,nosh - Kitchen,knife sleeves guards,BROAD,chef knife sleeves   guards,474,1,0.2110%,$0.50,$0.50,$0.00,,0,0,0,0.0000%,0,0,$0.00,$0.00
"Nov 17, 2020","Nov 17, 2020",Not grouped,USD,Advertise Catalog_ONB 10-23-2019 21ea,nosh - Kitchen,knife sleeves guards,BROAD,edge mag knife sleeves & guards,4,2,50.0000%,$1.03,$2.06,$0.00,,0,0,0,0.0000%,0,0,$0.00,$0.00
"Dec 12, 2020","Dec 12, 2020",Not grouped,USD,Advertise Catalog_ONB 10-23-2019 21ea,nosh - Kitchen,knife sleeves guards,BROAD,global knife sleeves & guards,7,1,14.2857%,$0.49,$0.49,$0.00,,0,0,0,0.0000%,0,0,$0.00,$0.00
"Nov 20, 2020","Dec 14, 2020",Not grouped,USD,Advertise Catalog_ONB 10-23-2019 21ea,nosh - Kitchen,knife sleeves guards,BROAD,knife sleeves & guards,359,8,2.2284%,$0.79,$6.28,$0.00,,0,0,0,0.0000%,0,0,$0.00,$0.00
"Nov 21, 2020","Nov 21, 2020",Not grouped,USD,Advertise Catalog_ONB 10-23-2019 21ea,nosh - Kitchen,knife sleeves guards,BROAD,knife sleeves & guards shun,4,1,25.0000%,$0.83,$0.83,$0.00,,0,0,0,0.0000%,0,0,$0.00,$0.00
"Nov 21, 2020","Nov 21, 2020",Not grouped,USD,Advertise Catalog_ONB 10-23-2019 21ea,nosh - Kitchen,knife sleeves guards,BROAD,knife sleeves &amp, guards,13,1,7.6923%,$0.77,$0.77,$0.00,,0,0,0,0.0000%,0,0,$0.00
"Nov 17, 2020","Nov 17, 2020",Not grouped,USD,Advertise Catalog_ONB 10-23-2019 21ea,nosh - Kitchen,knife sleeves guards,BROAD,steak knife sleeves & guards,4,1,25.0000%,$0.84,$0.84,$0.00,,0,0,0,0.0000%,0,0,$0.00,$0.00
"Nov 24, 2020","Nov 24, 2020",Not grouped,USD,Advertise Catalog_ONB 10-23-2019 21ea,nosh - Kitchen,knife covers sleeves,BROAD,6 in dexter fillet knife covers or sleeves,1,1,100.0000%,$0.52,$0.52,$0.00,,0,0,0,0.0000%,0,0,$0.00,$0.00
"Nov 24, 2020","Nov 24, 2020",Not grouped,USD,Advertise Catalog_ONB 10-23-2019 21ea,nosh - Kitchen,knife covers sleeves,BROAD,global knife covers or sleeves,3,2,66.6667%,$0.82,$1.64,$0.00,,0,0,0,0.0000%,0,0,$0.00,$0.00
"Nov 16, 2020","Dec 14, 2020",Not grouped,USD,Advertise Catalog_ONB 10-23-2019 21ea,nosh - Kitchen,knife covers sleeves,BROAD,knife covers or sleeves,2675,22,0.8224%,$0.62,$13.69,$0.00,,0,0,0,0.0000%,0,0,$0.00,$0.00
"Nov 18, 2020","Nov 18, 2020",Not grouped,USD,Advertise Catalog_ONB 10-23-2019 21ea,nosh - Kitchen,knife covers sleeves,BROAD,knife covers or sleeves 6,8,1,12.5000%,$0.57,$0.57,$0.00,,0,0,0,0.0000%,0,0,$0.00,$0.00
"Nov 18, 2020","Nov 18, 2020",Not grouped,USD,Advertise Catalog_ONB 10-23-2019 21ea,nosh - Kitchen,knife covers sleeves,BROAD,knife covers or sleeves 6”,4,1,25.0000%,$0.53,$0.53,$12.99,4.0801%,24.51,1,1,100.0000%,1,0,$12.99,$0.00
"Nov 19, 2020","Nov 19, 2020",Not grouped,USD,Advertise Catalog_ONB 10-23-2019 21ea,nosh - Kitchen,knife covers sleeves,BROAD,knife covers or sleeves set,9,1,11.1111%,$0.70,$0.70,$0.00,,0,0,0,0.0000%,0,0,$0.00,$0.00
"Nov 23, 2020","Nov 23, 2020",Not grouped,USD,Advertise Catalog_ONB 10-23-2019 21ea,nosh - Kitchen,knife covers sleeves,BROAD,knife sleeve cover,14,1,7.1429%,$0.79,$0.79,$0.00,,0,0,0,0.0000%,0,0,$0.00,$0.00
"Nov 25, 2020","Nov 25, 2020",Not grouped,USD,Advertise Catalog_ONB 10-23-2019 21ea,nosh - Kitchen,knife covers sleeves,BROAD,plastic paring knife covers or sleeves,6,1,16.6667%,$0.37,$0.37,$0.00,,0,0,0,0.0000%,0,0,$0.00,$0.00
"Dec 16, 2020","Dec 16, 2020",Not grouped,USD,Advertise Catalog_ONB 10-23-2019 21ea,nosh - Kitchen,knife blade guard,BROAD,14” knife blade guard,1,1,100.0000%,$0.45,$0.45,$0.00,,0,0,0,0.0000%,0,0,$0.00,$0.00
"Nov 24, 2020","Nov 24, 2020",Not grouped,USD,Advertise Catalog_ONB 10-23-2019 21ea,nosh - Kitchen,knife blade guard,BROAD,8 knife blade guard,1,1,100.0000%,$0.51,$0.51,$12.99,3.9261%,25.47,1,1,100.0000%,1,0,$12.99,$0.00
"Dec 06, 2020","Dec 06, 2020",Not grouped,USD,Advertise Catalog_ONB 10-23-2019 21ea,nosh - Kitchen,knife blade guard,BROAD,blade guard 8 inch chef knife,4,1,25.0000%,$0.75,$0.75,$0.00,,0,0,0,0.0000%,0,0,$0.00,$0.00
"Nov 26, 2020","Nov 26, 2020",Not grouped,USD,Advertise Catalog_ONB 10-23-2019 21ea,nosh - Kitchen,knife blade guard,BROAD,blade guard for boning knife,3,1,33.3333%,$0.72,$0.72,$0.00,,0,0,0,0.0000%,0,0,$0.00,$0.00
"Dec 10, 2020","Dec 10, 2020",Not grouped,USD,Advertise Catalog_ONB 10-23-2019 21ea,nosh - Kitchen,knife blade guard,BROAD,"blade guard kai pro 6 1/2"" filet knife",2,1,50.0000%,$0.53,$0.53,$0.00,,0,0,0,0.0000%,0,0,$0.00,$0.00
"Dec 10, 2020","Dec 10, 2020",Not grouped,USD,Advertise Catalog_ONB 10-23-2019 21ea,nosh - Kitchen,knife blade guard,BROAD,blade guard paring knife,2,1,50.0000%,$0.56,$0.56,$0.00,,0,0,0,0.0000%,0,0,$0.00,$0.00
"Nov 18, 2020","Nov 18, 2020",Not grouped,USD,Advertise Catalog_ONB 10-23-2019 21ea,nosh - Kitchen,knife blade guard,BROAD,blade guards chef knife,6,1,16.6667%,$0.59,$0.59,$0.00,,0,0,0,0.0000%,0,0,$0.00,$0.00
"Nov 16, 2020","Nov 16, 2020",Not grouped,USD,Advertise Catalog_ONB 10-23-2019 21ea,nosh - Kitchen,knife blade guard,BROAD,butcher knife blade guard,23,1,4.3478%,$0.61,$0.61,$0.00,,0,0,0,0.0000%,0,0,$0.00,$0.00
"Nov 30, 2020","Nov 30, 2020",Not grouped,USD,Advertise Catalog_ONB 10-23-2019 21ea,nosh - Kitchen,knife blade guard,BROAD,chef knife blade guards,37,1,2.7027%,$0.58,$0.58,$0.00,,0,0,0,0.0000%,0,0,$0.00,$0.00
"Dec 10, 2020","Dec 13, 2020",Not grouped,USD,Advertise Catalog_ONB 10-23-2019 21ea,nosh - Kitchen,knife blade guard,BROAD,chef's knife blade guard,34,2,5.8824%,$0.54,$1.07,$0.00,,0,0,0,0.0000%,0,0,$0.00,$0.00
"Dec 13, 2020","Dec 13, 2020",Not grouped,USD,Advertise Catalog_ONB 10-23-2019 21ea,nosh - Kitchen,knife blade guard,BROAD,chefs knife blade guard,104,2,1.9231%,$0.48,$0.95,$0.00,,0,0,0,0.0000%,0,0,$0.00,$0.00
"Nov 27, 2020","Nov 28, 2020",Not grouped,USD,Advertise Catalog_ONB 10-23-2019 21ea,nosh - Kitchen,knife blade guard,BROAD,electric knife blade guard,8,2,25.0000%,$0.62,$1.24,$0.00,,0,0,0,0.0000%,0,0,$0.00,$0.00
"Nov 20, 2020","Nov 20, 2020",Not grouped,USD,Advertise Catalog_ONB 10-23-2019 21ea,nosh - Kitchen,knife blade guard,BROAD,global 8 inch knife blade guard,1,1,100.0000%,$0.61,$0.61,$0.00,,0,0,0,0.0000%,0,0,$0.00,$0.00
"Dec 08, 2020","Dec 08, 2020",Not grouped,USD,Advertise Catalog_ONB 10-23-2019 21ea,nosh - Kitchen,knife blade guard,BROAD,global knife blade guard,2,1,50.0000%,$0.68,$0.68,$12.99,5.2348%,19.1,1,1,100.0000%,1,0,$12.99,$0.00
"Dec 12, 2020","Dec 12, 2020",Not grouped,USD,Advertise Catalog_ONB 10-23-2019 21ea,nosh - Kitchen,knife blade guard,BROAD,kitchen knife blade guard,12,1,8.3333%,$0.25,$0.25,$0.00,,0,0,0,0.0000%,0,0,$0.00,$0.00
"Nov 19, 2020","Dec 16, 2020",Not grouped,USD,Advertise Catalog_ONB 10-23-2019 21ea,nosh - Kitchen,knife blade guard,BROAD,knife blade guard,544,6,1.1029%,$0.51,$3.08,$0.00,,0,0,0,0.0000%,0,0,$0.00,$0.00
"Nov 17, 2020","Nov 17, 2020",Not grouped,USD,Advertise Catalog_ONB 10-23-2019 21ea,nosh - Kitchen,knife blade guard,BROAD,knife blade guard for 12 inch slicing knife,2,1,50.0000%,$0.30,$0.30,$0.00,,0,0,0,0.0000%,0,0,$0.00,$0.00
"Dec 15, 2020","Dec 15, 2020",Not grouped,USD,Advertise Catalog_ONB 10-23-2019 21ea,nosh - Kitchen,knife blade guard,BROAD,knife blade guard set,94,1,1.0638%,$0.48,$0.48,$0.00,,0,0,0,0.0000%,0,0,$0.00,$0.00
"Dec 15, 2020","Dec 15, 2020",Not grouped,USD,Advertise Catalog_ONB 10-23-2019 21ea,nosh - Kitchen,knife blade guard,BROAD,knife blade guards,3,1,33.3333%,$0.64,$0.64,$0.00,,0,0,0,0.0000%,0,0,$0.00,$0.00
"Dec 13, 2020","Dec 13, 2020",Not grouped,USD,Advertise Catalog_ONB 10-23-2019 21ea,nosh - Kitchen,knife blade guard,BROAD,knife guard 10 inch blade,3,1,33.3333%,$0.55,$0.55,$0.00,,0,0,0,0.0000%,0,0,$0.00,$0.00
"Nov 21, 2020","Nov 21, 2020",Not grouped,USD,Advertise Catalog_ONB 10-23-2019 21ea,nosh - Kitchen,knife blade guard,BROAD,knife safe blade guard,7,1,14.2857%,$0.68,$0.68,$0.00,,0,0,0,0.0000%,0,0,$0.00,$0.00
"Dec 02, 2020","Dec 02, 2020",Not grouped,USD,Advertise Catalog_ONB 10-23-2019 21ea,nosh - Kitchen,knife blade guard,BROAD,paring knife blade guard,29,1,3.4483%,$0.31,$0.31,$0.00,,0,0,0,0.0000%,0,0,$0.00,$0.00
"Dec 01, 2020","Dec 01, 2020",Not grouped,USD,Advertise Catalog_ONB 10-23-2019 21ea,nosh - Kitchen,knife blade guard,BROAD,paring knife blade guard noble,1,1,100.0000%,$0.59,$0.59,$0.00,,0,0,0,0.0000%,0,0,$0.00,$0.00
